name,L-S,smiles,comment,ee,T,ddG,ligand,substrate,solvent
R1,L1-1-S1,c1cc2c(c3c1op(oc1c3c3ccccc3cc1)OC)cccc2.C=C(CC(=O)OC)C(=O)OC.ClCCl,,89.2,297.15,1.690749561,c1cc2c(c3c1op(oc1c3c3ccccc3cc1)OC)cccc2,C=C(CC(=O)OC)C(=O)OC,ClCCl
R2,L1-2-S1,c1cc2c(c3c1op(oc1c3c3ccccc3cc1)OC(C)C)cccc2.C=C(CC(=O)OC)C(=O)OC.ClCCl,,97.6,297.15,2.604556176,c1cc2c(c3c1op(oc1c3c3ccccc3cc1)OC(C)C)cccc2,C=C(CC(=O)OC)C(=O)OC,ClCCl
R3,L1-3-S1,c1cc2c(c3c1op(oc1c3c3ccccc3cc1)Oc1ccccc1)cccc2.C=C(CC(=O)OC)C(=O)OC.ClCCl,,96.6,297.15,2.395885692,c1cc2c(c3c1op(oc1c3c3ccccc3cc1)Oc1ccccc1)cccc2,C=C(CC(=O)OC)C(=O)OC,ClCCl
R4,L1-4-S1,c1cc2c(c3c1op(oc1c3c3ccccc3cc1)Oc1ccccc1Br)cccc2.C=C(CC(=O)OC)C(=O)OC.ClCCl,,89.8,297.15,1.726371166,c1cc2c(c3c1op(oc1c3c3ccccc3cc1)Oc1ccccc1Br)cccc2,C=C(CC(=O)OC)C(=O)OC,ClCCl
R5,L1-5-S1,c1cc2c(c3c1op(oc1c3c3ccccc3cc1)O[C@H](c1ccccc1)C)cccc2.C=C(CC(=O)OC)C(=O)OC.ClCCl,,99.2,297.15,3.258047078,c1cc2c(c3c1op(oc1c3c3ccccc3cc1)O[C@H](c1ccccc1)C)cccc2,C=C(CC(=O)OC)C(=O)OC,ClCCl
R6,L1-6-S1,c1cc2c(c3c1op(oc1c3c3ccccc3cc1)O[C@@H](c1ccccc1)C)cccc2.C=C(CC(=O)OC)C(=O)OC.ClCCl,,98.2,297.15,2.776222272,c1cc2c(c3c1op(oc1c3c3ccccc3cc1)O[C@@H](c1ccccc1)C)cccc2,C=C(CC(=O)OC)C(=O)OC,ClCCl
R7,L1-1-S2,c1cc2c(c3c1op(oc1c3c3ccccc3cc1)OC)cccc2.C=C(NC(=O)C)C(=O)OC.ClCCl,,72.8,297.15,1.091783042,c1cc2c(c3c1op(oc1c3c3ccccc3cc1)OC)cccc2,C=C(NC(=O)C)C(=O)OC,ClCCl
R8,L1-2-S2,c1cc2c(c3c1op(oc1c3c3ccccc3cc1)OC(C)C)cccc2.C=C(NC(=O)C)C(=O)OC.ClCCl,,94.8,297.15,2.139561552,c1cc2c(c3c1op(oc1c3c3ccccc3cc1)OC(C)C)cccc2,C=C(NC(=O)C)C(=O)OC,ClCCl
R9,L1-3-S2,c1cc2c(c3c1op(oc1c3c3ccccc3cc1)Oc1ccccc1)cccc2.C=C(NC(=O)C)C(=O)OC.ClCCl,,80.6,297.15,1.317408753,c1cc2c(c3c1op(oc1c3c3ccccc3cc1)Oc1ccccc1)cccc2,C=C(NC(=O)C)C(=O)OC,ClCCl
R10,L1-4-S2,c1cc2c(c3c1op(oc1c3c3ccccc3cc1)Oc1ccccc1Br)cccc2.C=C(NC(=O)C)C(=O)OC.ClCCl,,70.0,297.15,1.024279139,c1cc2c(c3c1op(oc1c3c3ccccc3cc1)Oc1ccccc1Br)cccc2,C=C(NC(=O)C)C(=O)OC,ClCCl
R11,L1-5-S2,c1cc2c(c3c1op(oc1c3c3ccccc3cc1)O[C@H](c1ccccc1)C)cccc2.C=C(NC(=O)C)C(=O)OC.ClCCl,,95.5,297.15,2.227054647,c1cc2c(c3c1op(oc1c3c3ccccc3cc1)O[C@H](c1ccccc1)C)cccc2,C=C(NC(=O)C)C(=O)OC,ClCCl
R12,L1-6-S2,c1cc2c(c3c1op(oc1c3c3ccccc3cc1)O[C@@H](c1ccccc1)C)cccc2.C=C(NC(=O)C)C(=O)OC.ClCCl,,93.3,297.15,1.985335828,c1cc2c(c3c1op(oc1c3c3ccccc3cc1)O[C@@H](c1ccccc1)C)cccc2,C=C(NC(=O)C)C(=O)OC,ClCCl
R13,L1-1-S3,c1cc2c(c3c1op(oc1c3c3ccccc3cc1)OC)cccc2.C(=C)(c1ccccc1)NC(=O)C.ClCCl,,76.0,303.15,1.200283034,c1cc2c(c3c1op(oc1c3c3ccccc3cc1)OC)cccc2,C(=C)(c1ccccc1)NC(=O)C,ClCCl
R14,L1-2-S3,c1cc2c(c3c1op(oc1c3c3ccccc3cc1)OC(C)C)cccc2.C(=C)(c1ccccc1)NC(=O)C.ClCCl,,89.4,303.15,1.736785894,c1cc2c(c3c1op(oc1c3c3ccccc3cc1)OC(C)C)cccc2,C(=C)(c1ccccc1)NC(=O)C,ClCCl
R15,L1-7-S3,c1cc2c(c3c1op(oc1c3c3ccccc3cc1)OC1CCCC1)cccc2.C(=C)(c1ccccc1)NC(=O)C.ClCCl,,93.7,303.15,2.063752499,c1cc2c(c3c1op(oc1c3c3ccccc3cc1)OC1CCCC1)cccc2,C(=C)(c1ccccc1)NC(=O)C,ClCCl
R16,L1-8-S3,c1cc2c(c3c1op(oc1c3c3ccccc3cc1)OCc1ccccc1)cccc2.C(=C)(c1ccccc1)NC(=O)C.ClCCl,,94.2,303.15,2.115120812,c1cc2c(c3c1op(oc1c3c3ccccc3cc1)OCc1ccccc1)cccc2,C(=C)(c1ccccc1)NC(=O)C,ClCCl
R17,L1-9-S3,c1cc2c(c3c1op(oc1c3c3ccccc3cc1)OCC(C)C)cccc2.C(=C)(c1ccccc1)NC(=O)C.ClCCl,,93.1,303.15,2.00708019,c1cc2c(c3c1op(oc1c3c3ccccc3cc1)OCC(C)C)cccc2,C(=C)(c1ccccc1)NC(=O)C,ClCCl
R18,L1-10-S3,c1cc2c(c3c1op(oc1c3c3ccccc3cc1)OCC(CC)CC)cccc2.C(=C)(c1ccccc1)NC(=O)C.ClCCl,,93.7,303.15,2.063752499,c1cc2c(c3c1op(oc1c3c3ccccc3cc1)OCC(CC)CC)cccc2,C(=C)(c1ccccc1)NC(=O)C,ClCCl
R19,L1-11-S3,c1cc2c(c3c1op(oc1c3c3ccccc3cc1)OCC(C)(C)C)cccc2.C(=C)(c1ccccc1)NC(=O)C.ClCCl,,95.3,303.15,2.245209963,c1cc2c(c3c1op(oc1c3c3ccccc3cc1)OCC(C)(C)C)cccc2,C(=C)(c1ccccc1)NC(=O)C,ClCCl
R20,L1-12-S3,c1cc2c(c3c1op(oc1c3c3ccccc3cc1)O[C@H](CC)C)cccc2.C(=C)(c1ccccc1)NC(=O)C.ClCCl,,92.0,303.15,1.914528379,c1cc2c(c3c1op(oc1c3c3ccccc3cc1)O[C@H](CC)C)cccc2,C(=C)(c1ccccc1)NC(=O)C,ClCCl
R21,L1-13-S3,c1cc2c(c3c1op(oc1c3c3ccccc3cc1)O[C@H](CC)C)cccc2.C(=C)(c1ccccc1)NC(=O)C.ClCCl,,94.1,303.15,2.104512469,c1cc2c(c3c1op(oc1c3c3ccccc3cc1)O[C@H](CC)C)cccc2,C(=C)(c1ccccc1)NC(=O)C,ClCCl
R22,L1-14-S3,c1cc2c(c3c1op(oc1c3c3ccccc3cc1)O[C@@H](C)c1ccccc1)cccc2.C(=C)(c1ccccc1)NC(=O)C.ClCCl,,94.9,303.15,2.194770246,c1cc2c(c3c1op(oc1c3c3ccccc3cc1)O[C@@H](C)c1ccccc1)cccc2,C(=C)(c1ccccc1)NC(=O)C,ClCCl
R23,L1-15-S3,c1cc2c(c3c1op(oc1c3c3ccccc3cc1)OCCOC)cccc2.C(=C)(c1ccccc1)NC(=O)C.ClCCl,,86.0,303.15,1.55827762,c1cc2c(c3c1op(oc1c3c3ccccc3cc1)OCCOC)cccc2,C(=C)(c1ccccc1)NC(=O)C,ClCCl
R24,L1-16-S3,c1cc2c(c3c1op(oc1c3c3ccccc3cc1)OCCCl)cccc2.C(=C)(c1ccccc1)NC(=O)C.ClCCl,,92.7,303.15,1.971882772,c1cc2c(c3c1op(oc1c3c3ccccc3cc1)OCCCl)cccc2,C(=C)(c1ccccc1)NC(=O)C,ClCCl
R25,L1-14-S4,c1cc2c(c3c1op(oc1c3c3ccccc3cc1)O[C@@H](C)c1ccccc1)cccc2.C(=C)(c1ccc(cc1)Cl)NC(=O)C.ClCCl,,95.8,303.15,2.31450946,c1cc2c(c3c1op(oc1c3c3ccccc3cc1)O[C@@H](C)c1ccccc1)cccc2,C(=C)(c1ccc(cc1)Cl)NC(=O)C,ClCCl
R26,L1-8-S5,c1cc2c(c3c1op(oc1c3c3ccccc3cc1)OCc1ccccc1)cccc2.C(=C)(c1cc2c(cc1)cccc2)NC(=O)C.ClCCl,,94.3,303.15,2.125908101,c1cc2c(c3c1op(oc1c3c3ccccc3cc1)OCc1ccccc1)cccc2,C(=C)(c1cc2c(cc1)cccc2)NC(=O)C,ClCCl
R27,L1-9-S5,c1cc2c(c3c1op(oc1c3c3ccccc3cc1)OCC(C)C)cccc2.C(=C)(c1cc2c(cc1)cccc2)NC(=O)C.ClCCl,,92.0,303.15,1.914528379,c1cc2c(c3c1op(oc1c3c3ccccc3cc1)OCC(C)C)cccc2,C(=C)(c1cc2c(cc1)cccc2)NC(=O)C,ClCCl
R28,L1-10-S5,c1cc2c(c3c1op(oc1c3c3ccccc3cc1)OCC(CC)CC)cccc2.C(=C)(c1cc2c(cc1)cccc2)NC(=O)C.ClCCl,,93.0,303.15,1.998100049,c1cc2c(c3c1op(oc1c3c3ccccc3cc1)OCC(CC)CC)cccc2,C(=C)(c1cc2c(cc1)cccc2)NC(=O)C,ClCCl
R29,L1-11-S5,c1cc2c(c3c1op(oc1c3c3ccccc3cc1)OCC(C)(C)C)cccc2.C(=C)(c1cc2c(cc1)cccc2)NC(=O)C.ClCCl,,93.7,303.15,2.063752499,c1cc2c(c3c1op(oc1c3c3ccccc3cc1)OCC(C)(C)C)cccc2,C(=C)(c1cc2c(cc1)cccc2)NC(=O)C,ClCCl
R30,L1-12-S5,c1cc2c(c3c1op(oc1c3c3ccccc3cc1)O[C@H](CC)C)cccc2.C(=C)(c1cc2c(cc1)cccc2)NC(=O)C.ClCCl,,90.6,303.15,1.812968207,c1cc2c(c3c1op(oc1c3c3ccccc3cc1)O[C@H](CC)C)cccc2,C(=C)(c1cc2c(cc1)cccc2)NC(=O)C,ClCCl
R31,L1-13-S5,c1cc2c(c3c1op(oc1c3c3ccccc3cc1)O[C@H](CC)C)cccc2.C(=C)(c1cc2c(cc1)cccc2)NC(=O)C.ClCCl,,93.4,303.15,2.034794089,c1cc2c(c3c1op(oc1c3c3ccccc3cc1)O[C@H](CC)C)cccc2,C(=C)(c1cc2c(cc1)cccc2)NC(=O)C,ClCCl
R32,L1-14-S6,c1cc2c(c3c1op(oc1c3c3ccccc3cc1)O[C@@H](C)c1ccccc1)cccc2.C(=C\C)(/c1ccccc1)\NC(=O)C.ClCCl,,76.2,303.15,1.20600843,c1cc2c(c3c1op(oc1c3c3ccccc3cc1)O[C@@H](C)c1ccccc1)cccc2,C(=C\C)(/c1ccccc1)\NC(=O)C,ClCCl
R33,L1-17-S1,c1cc2c(c3c1op(oc1c3c3ccccc3cc1)O[C@H]1[C@@H]3[C@@H](OC1)[C@@H](CO3)C)cccc2.C=C(CC(=O)OC)C(=O)OC.ClCCl,,97.8,297.15,2.656533622,c1cc2c(c3c1op(oc1c3c3ccccc3cc1)O[C@H]1[C@@H]3[C@@H](OC1)[C@@H](CO3)C)cccc2,C=C(CC(=O)OC)C(=O)OC,ClCCl
R34,L1-17-S1,c1cc2c(c3c1op(oc1c3c3ccccc3cc1)O[C@H]1[C@@H]3[C@@H](OC1)[C@@H](CO3)C)cccc2.C=C(CC(=O)OC)C(=O)OC.ClCCl,,95.2,297.15,2.188037922,c1cc2c(c3c1op(oc1c3c3ccccc3cc1)O[C@H]1[C@@H]3[C@@H](OC1)[C@@H](CO3)C)cccc2,C=C(CC(=O)OC)C(=O)OC,ClCCl
R35,L1-18-S1,c1cc2c(c3c1op(oc1c3c3ccccc3cc1)O[C@H](C)c1ccccc1)cccc2.C=C(CC(=O)OC)C(=O)OC.ClCCl,,98.2,297.15,2.776222272,c1cc2c(c3c1op(oc1c3c3ccccc3cc1)O[C@H](C)c1ccccc1)cccc2,C=C(CC(=O)OC)C(=O)OC,ClCCl
R36,L1-14-S1,c1cc2c(c3c1op(oc1c3c3ccccc3cc1)O[C@@H](C)c1ccccc1)cccc2.C=C(CC(=O)OC)C(=O)OC.ClCCl,,99.6,297.15,3.668533926,c1cc2c(c3c1op(oc1c3c3ccccc3cc1)O[C@@H](C)c1ccccc1)cccc2,C=C(CC(=O)OC)C(=O)OC,ClCCl
R37,L1-19-S1,c1cc2c(c3c1op(oc1c3c3ccccc3cc1)O[C@H](COC)c1ccccc1)cccc2.C=C(CC(=O)OC)C(=O)OC.ClCCl,,93.9,297.15,2.042565711,c1cc2c(c3c1op(oc1c3c3ccccc3cc1)O[C@H](COC)c1ccccc1)cccc2,C=C(CC(=O)OC)C(=O)OC,ClCCl
R38,L1-20-S1,c1cc2c(c3c1op(oc1c3c3ccccc3cc1)O[C@H]1C[C@H](CC[C@@H]1C(C)C)C)cccc2.C=C(CC(=O)OC)C(=O)OC.ClCCl,,95.2,297.15,2.188037922,c1cc2c(c3c1op(oc1c3c3ccccc3cc1)O[C@H]1C[C@H](CC[C@@H]1C(C)C)C)cccc2,C=C(CC(=O)OC)C(=O)OC,ClCCl
R39,L1-20-S1,c1cc2c(c3c1op(oc1c3c3ccccc3cc1)O[C@H]1C[C@H](CC[C@@H]1C(C)C)C)cccc2.C=C(CC(=O)OC)C(=O)OC.ClCCl,,90.5,297.15,1.770527,c1cc2c(c3c1op(oc1c3c3ccccc3cc1)O[C@H]1C[C@H](CC[C@@H]1C(C)C)C)cccc2,C=C(CC(=O)OC)C(=O)OC,ClCCl
R40,L2-1-S7,c1cc2c(c3c1op(oc1c3c3ccccc3cc1)N1CCCCC1)cccc2.C(=N\c1ccccc1)(/c1ccccc1)\C.ClCCl,,87.0,297.15,1.574362763,c1cc2c(c3c1op(oc1c3c3ccccc3cc1)N1CCCCC1)cccc2,C(=N\c1ccccc1)(/c1ccccc1)\C,ClCCl
R41,L2-1-S8,c1cc2c(c3c1op(oc1c3c3ccccc3cc1)N1CCCCC1)cccc2.C(=N\c1ccc(cc1)OC)(/c1ccccc1)\C.ClCCl,,71.0,297.15,1.047761294,c1cc2c(c3c1op(oc1c3c3ccccc3cc1)N1CCCCC1)cccc2,C(=N\c1ccc(cc1)OC)(/c1ccccc1)\C,ClCCl
R42,L2-1-S9,c1cc2c(c3c1op(oc1c3c3ccccc3cc1)N1CCCCC1)cccc2.C(=N\c1c(cccc1)OC)(/c1ccccc1)\C.ClCCl,,97.0,297.15,2.470994528,c1cc2c(c3c1op(oc1c3c3ccccc3cc1)N1CCCCC1)cccc2,C(=N\c1c(cccc1)OC)(/c1ccccc1)\C,ClCCl
R43,L2-1-S10,c1cc2c(c3c1op(oc1c3c3ccccc3cc1)N1CCCCC1)cccc2.C(=N\c1cc(cc(c1)C)C)(/c1ccccc1)\C.ClCCl,,99.0,297.15,3.125688001,c1cc2c(c3c1op(oc1c3c3ccccc3cc1)N1CCCCC1)cccc2,C(=N\c1cc(cc(c1)C)C)(/c1ccccc1)\C,ClCCl
R44,L2-1-S11,c1cc2c(c3c1op(oc1c3c3ccccc3cc1)N1CCCCC1)cccc2.C(=N\c1cc(c(c(c1)OC)OC)OC)(/c1ccccc1)\C.ClCCl,,99.0,297.15,3.125688001,c1cc2c(c3c1op(oc1c3c3ccccc3cc1)N1CCCCC1)cccc2,C(=N\c1cc(c(c(c1)OC)OC)OC)(/c1ccccc1)\C,ClCCl
R45,L2-1-S12,c1cc2c(c3c1op(oc1c3c3ccccc3cc1)N1CCCCC1)cccc2.C(=N\c1cc(c(c(c1)C)OC)C)(/c1ccccc1)\C.ClCCl,,99.0,297.15,3.125688001,c1cc2c(c3c1op(oc1c3c3ccccc3cc1)N1CCCCC1)cccc2,C(=N\c1cc(c(c(c1)C)OC)C)(/c1ccccc1)\C,ClCCl
R46,L2-1-S9,c1cc2c(c3c1op(oc1c3c3ccccc3cc1)N1CCCCC1)cccc2.C(=N\c1c(cccc1)OC)(/c1ccccc1)\C.ClCCl,,97.0,297.15,2.470994528,c1cc2c(c3c1op(oc1c3c3ccccc3cc1)N1CCCCC1)cccc2,C(=N\c1c(cccc1)OC)(/c1ccccc1)\C,ClCCl
R47,L2-1-S14,c1cc2c(c3c1op(oc1c3c3ccccc3cc1)N1CCCCC1)cccc2.C(=N\c1c(cccc1)OC)(/c1cc2c(cc1)cccc2)\C.ClCCl,,97.0,297.15,2.470994528,c1cc2c(c3c1op(oc1c3c3ccccc3cc1)N1CCCCC1)cccc2,C(=N\c1c(cccc1)OC)(/c1cc2c(cc1)cccc2)\C,ClCCl
R48,L2-1-S15,c1cc2c(c3c1op(oc1c3c3ccccc3cc1)N1CCCCC1)cccc2.C(=N\c1c(cccc1)OC)(/c1ccc(cc1)C)\C.ClCCl,,98.0,297.15,2.713410895,c1cc2c(c3c1op(oc1c3c3ccccc3cc1)N1CCCCC1)cccc2,C(=N\c1c(cccc1)OC)(/c1ccc(cc1)C)\C,ClCCl
R49,L2-1-S16,c1cc2c(c3c1op(oc1c3c3ccccc3cc1)N1CCCCC1)cccc2.C(=N\c1c(cccc1)OC)(/c1ccc(cc1)Cl)\C.ClCCl,,97.0,297.15,2.470994528,c1cc2c(c3c1op(oc1c3c3ccccc3cc1)N1CCCCC1)cccc2,C(=N\c1c(cccc1)OC)(/c1ccc(cc1)Cl)\C,ClCCl
R50,L2-1-S17,c1cc2c(c3c1op(oc1c3c3ccccc3cc1)N1CCCCC1)cccc2.C(=N\c1c(cccc1)OC)(/c1ccc(cc1)C(F)(F)F)\C.ClCCl,,97.0,297.15,2.470994528,c1cc2c(c3c1op(oc1c3c3ccccc3cc1)N1CCCCC1)cccc2,C(=N\c1c(cccc1)OC)(/c1ccc(cc1)C(F)(F)F)\C,ClCCl
R51,L2-1-S18,c1cc2c(c3c1op(oc1c3c3ccccc3cc1)N1CCCCC1)cccc2.C(=N\c1c(cccc1)OC)(/c1ccc(cc1)F)\C.ClCCl,,97.0,297.15,2.470994528,c1cc2c(c3c1op(oc1c3c3ccccc3cc1)N1CCCCC1)cccc2,C(=N\c1c(cccc1)OC)(/c1ccc(cc1)F)\C,ClCCl
R52,L2-1-S79,c1cc2c(c3c1op(oc1c3c3ccccc3cc1)N1CCCCC1)cccc2.C(=N\c1c(cccc1)OC)(/c1ccc(cc1)F)\C.ClCCl,,93.0,297.15,1.958553289,c1cc2c(c3c1op(oc1c3c3ccccc3cc1)N1CCCCC1)cccc2,C(=N\c1c(cccc1)OC)(/c1ccc(cc1)F)\C,ClCCl
R53,L2-1-S20,c1cc2c(c3c1op(oc1c3c3ccccc3cc1)N1CCCCC1)cccc2.C(=N\c1c(cccc1)OC)(/c1ccccc1)\CC.ClCCl,,94.0,297.15,2.052630696,c1cc2c(c3c1op(oc1c3c3ccccc3cc1)N1CCCCC1)cccc2,C(=N\c1c(cccc1)OC)(/c1ccccc1)\CC,ClCCl
R54,L2-1-S21,c1cc2c(c3c1op(oc1c3c3ccccc3cc1)N1CCCCC1)cccc2.C(=N\c1c(cccc1)OC)(/c1ccccc1)\CCC.ClCCl,,97.0,297.15,2.470994528,c1cc2c(c3c1op(oc1c3c3ccccc3cc1)N1CCCCC1)cccc2,C(=N\c1c(cccc1)OC)(/c1ccccc1)\CCC,ClCCl
R55,L2-5-S22,c1cc2c(c3c1op(oc1c3c3ccccc3cc1)N(c1c(cccc1)P(c1ccccc1)c1ccccc1)c1ccccc1)cccc2.c1(nc2c(cc1)cccc2)C.c1(ccccc1)C,,67.0,297.15,0.957485028,c1cc2c(c3c1op(oc1c3c3ccccc3cc1)N(c1c(cccc1)P(c1ccccc1)c1ccccc1)c1ccccc1)cccc2,c1(nc2c(cc1)cccc2)C,c1(ccccc1)C
R56,L2-2-S22,c1cc2c(c3c1op(oc1c3c3ccccc3cc1)N([C@@H](C)c1ccccc1)c1c(cccc1)P(c1ccccc1)c1ccccc1)cccc2.c1(nc2c(cc1)cccc2)C.c1(ccccc1)C,,96.0,297.15,2.298113638,c1cc2c(c3c1op(oc1c3c3ccccc3cc1)N([C@@H](C)c1ccccc1)c1c(cccc1)P(c1ccccc1)c1ccccc1)cccc2,c1(nc2c(cc1)cccc2)C,c1(ccccc1)C
R57,L2-3-S22,c1cc2c(c3c1op(oc1c3c3ccccc3cc1)N([C@H](C)c1c3ccccc3ccc1)c1c(cccc1)P(c1ccccc1)c1ccccc1)cccc2.c1(nc2c(cc1)cccc2)C.c1(ccccc1)C,,97.0,297.15,2.470994528,c1cc2c(c3c1op(oc1c3c3ccccc3cc1)N([C@H](C)c1c3ccccc3ccc1)c1c(cccc1)P(c1ccccc1)c1ccccc1)cccc2,c1(nc2c(cc1)cccc2)C,c1(ccccc1)C
R58,L2-4-S22,c1cc2c(c3c1op(oc1c3c3ccccc3cc1)N([C@@H](C)c1c3ccccc3ccc1)c1c(cccc1)P(c1ccccc1)c1ccccc1)cccc2.c1(nc2c(cc1)cccc2)C.c1(ccccc1)C,,81.0,297.15,1.331017661,c1cc2c(c3c1op(oc1c3c3ccccc3cc1)N([C@@H](C)c1c3ccccc3ccc1)c1c(cccc1)P(c1ccccc1)c1ccccc1)cccc2,c1(nc2c(cc1)cccc2)C,c1(ccccc1)C
R59,L2-2-S23,c1cc2c(c3c1op(oc1c3c3ccccc3cc1)N([C@@H](C)c1ccccc1)c1c(cccc1)P(c1ccccc1)c1ccccc1)cccc2.c1(nc2c(cc1)cccc2)c1ccccc1.c1(ccccc1)C,,90.0,297.15,1.73868649,c1cc2c(c3c1op(oc1c3c3ccccc3cc1)N([C@@H](C)c1ccccc1)c1c(cccc1)P(c1ccccc1)c1ccccc1)cccc2,c1(nc2c(cc1)cccc2)c1ccccc1,c1(ccccc1)C
R60,L2-3-S23,c1cc2c(c3c1op(oc1c3c3ccccc3cc1)N([C@H](C)c1c3ccccc3ccc1)c1c(cccc1)P(c1ccccc1)c1ccccc1)cccc2.c1(nc2c(cc1)cccc2)c1ccccc1.c1(ccccc1)C,,89.0,297.15,1.679289888,c1cc2c(c3c1op(oc1c3c3ccccc3cc1)N([C@H](C)c1c3ccccc3ccc1)c1c(cccc1)P(c1ccccc1)c1ccccc1)cccc2,c1(nc2c(cc1)cccc2)c1ccccc1,c1(ccccc1)C
R61,L2-6-S24,c1cc2c(c3c1op(oc1c3c3ccccc3cc1)N(C)Cc1ccccc1)cccc2.[C](=[N+])(c1c(cccc1)Cl)c1ccccc1.[Cl-].ClCCl,,87.0,297.15,1.574362763,c1cc2c(c3c1op(oc1c3c3ccccc3cc1)N(C)Cc1ccccc1)cccc2,[C](=[N+])(c1c(cccc1)Cl)c1ccccc1.[Cl-],ClCCl
R62,L2-6-S25,c1cc2c(c3c1op(oc1c3c3ccccc3cc1)N(C)Cc1ccccc1)cccc2.[C](=[N+])(c1c(cccc1)Br)c1ccccc1.[Cl-].ClCCl,,91.0,297.15,1.804001442,c1cc2c(c3c1op(oc1c3c3ccccc3cc1)N(C)Cc1ccccc1)cccc2,[C](=[N+])(c1c(cccc1)Br)c1ccccc1.[Cl-],ClCCl
R63,L2-6-S26,c1cc2c(c3c1op(oc1c3c3ccccc3cc1)N(C)Cc1ccccc1)cccc2.[C](=[N+])(c1c(cccc1)C)c1ccccc1.[Cl-].ClCCl,,82.0,297.15,1.366197712,c1cc2c(c3c1op(oc1c3c3ccccc3cc1)N(C)Cc1ccccc1)cccc2,[C](=[N+])(c1c(cccc1)C)c1ccccc1.[Cl-],ClCCl
R64,L2-6-S27,c1cc2c(c3c1op(oc1c3c3ccccc3cc1)N(C)Cc1ccccc1)cccc2.[C](=[N+])(c1c(cccc1)OC)c1ccccc1.[Cl-].ClCCl,,76.0,297.15,1.176526814,c1cc2c(c3c1op(oc1c3c3ccccc3cc1)N(C)Cc1ccccc1)cccc2,[C](=[N+])(c1c(cccc1)OC)c1ccccc1.[Cl-],ClCCl
R65,L2-6-S28,c1cc2c(c3c1op(oc1c3c3ccccc3cc1)N(C)Cc1ccccc1)cccc2.[C](=[N+])(c1c(c(ccc1)C)C)c1ccccc1.[Cl-].ClCCl,,86.0,297.15,1.527435905,c1cc2c(c3c1op(oc1c3c3ccccc3cc1)N(C)Cc1ccccc1)cccc2,[C](=[N+])(c1c(c(ccc1)C)C)c1ccccc1.[Cl-],ClCCl
R66,L2-6-S29,c1cc2c(c3c1op(oc1c3c3ccccc3cc1)N(C)Cc1ccccc1)cccc2.[C](=[N+])(c1c(cccc1)Cl)c1ccc(cc1)C.[Cl-].ClCCl,,92.0,297.15,1.876635685,c1cc2c(c3c1op(oc1c3c3ccccc3cc1)N(C)Cc1ccccc1)cccc2,[C](=[N+])(c1c(cccc1)Cl)c1ccc(cc1)C.[Cl-],ClCCl
R67,L2-6-S30,c1cc2c(c3c1op(oc1c3c3ccccc3cc1)N(C)Cc1ccccc1)cccc2.[C](=[N+])(c1c(cccc1)Cl)c1ccc(cc1)OC.[Cl-].ClCCl,,93.0,297.15,1.958553289,c1cc2c(c3c1op(oc1c3c3ccccc3cc1)N(C)Cc1ccccc1)cccc2,[C](=[N+])(c1c(cccc1)Cl)c1ccc(cc1)OC.[Cl-],ClCCl
R68,L2-6-S31,c1cc2c(c3c1op(oc1c3c3ccccc3cc1)N(C)Cc1ccccc1)cccc2.[C](=[N+])(c1c(cccc1)C)c1ccc(cc1)C.[Cl-].ClCCl,,91.0,297.15,1.804001442,c1cc2c(c3c1op(oc1c3c3ccccc3cc1)N(C)Cc1ccccc1)cccc2,[C](=[N+])(c1c(cccc1)C)c1ccc(cc1)C.[Cl-],ClCCl
R69,L2-6-S32,c1cc2c(c3c1op(oc1c3c3ccccc3cc1)N(C)Cc1ccccc1)cccc2.[C](=[N+])(c1c(cccc1)C)c1ccc(cc1)OC.[Cl-].ClCCl,,94.0,297.15,2.052630696,c1cc2c(c3c1op(oc1c3c3ccccc3cc1)N(C)Cc1ccccc1)cccc2,[C](=[N+])(c1c(cccc1)C)c1ccc(cc1)OC.[Cl-],ClCCl
R70,L2-6-S33,c1cc2c(c3c1op(oc1c3c3ccccc3cc1)N(C)Cc1ccccc1)cccc2.[C](=[N+])(c1c(c(ccc1)C(F)(F)F)Cl)c1ccc(cc1)C.[Cl-].ClCCl,,92.0,297.15,1.876635685,c1cc2c(c3c1op(oc1c3c3ccccc3cc1)N(C)Cc1ccccc1)cccc2,[C](=[N+])(c1c(c(ccc1)C(F)(F)F)Cl)c1ccc(cc1)C.[Cl-],ClCCl
R71,L2-6-S34,c1cc2c(c3c1op(oc1c3c3ccccc3cc1)N(C)Cc1ccccc1)cccc2.[C](=[N+])(c1c(ccc(c1)Cl)Cl)c1ccc(cc1)C.[Cl-].ClCCl,,72.0,297.15,1.071925811,c1cc2c(c3c1op(oc1c3c3ccccc3cc1)N(C)Cc1ccccc1)cccc2,[C](=[N+])(c1c(ccc(c1)Cl)Cl)c1ccc(cc1)C.[Cl-],ClCCl
R72,L2-6-S35,c1cc2c(c3c1op(oc1c3c3ccccc3cc1)N(C)Cc1ccccc1)cccc2.[C](=[N+])(c1c(cccc1Cl)Cl)c1ccc(cc1)C.[Cl-].ClCCl,,81.0,297.15,1.331017661,c1cc2c(c3c1op(oc1c3c3ccccc3cc1)N(C)Cc1ccccc1)cccc2,[C](=[N+])(c1c(cccc1Cl)Cl)c1ccc(cc1)C.[Cl-],ClCCl
R73,L2-6-S36,c1cc2c(c3c1op(oc1c3c3ccccc3cc1)N(C)Cc1ccccc1)cccc2.[C](=[N+])(c1c(ccc(c1)Cl)C)c1ccc(cc1)OC.[Cl-].ClCCl,,74.0,297.15,1.122513097,c1cc2c(c3c1op(oc1c3c3ccccc3cc1)N(C)Cc1ccccc1)cccc2,[C](=[N+])(c1c(ccc(c1)Cl)C)c1ccc(cc1)OC.[Cl-],ClCCl
R74,L2-7-S7,c1(cc2c(c3c1op(oc1c3c3ccccc3cc1C)N(C)[C@H](c1ccccc1P(c1ccccc1)c1ccccc1)C)cccc2)C.C(=N\c1ccccc1)(/c1ccccc1)\C.ClCCl,,93.0,297.15,1.958553289,c1(cc2c(c3c1op(oc1c3c3ccccc3cc1C)N(C)[C@H](c1ccccc1P(c1ccccc1)c1ccccc1)C)cccc2)C,C(=N\c1ccccc1)(/c1ccccc1)\C,ClCCl
R75,L2-7-S38,c1(cc2c(c3c1op(oc1c3c3ccccc3cc1C)N(C)[C@H](c1ccccc1P(c1ccccc1)c1ccccc1)C)cccc2)C.C(=N\c1ccccc1)(/c1ccc(cc1)OC)\C.ClCCl,,93.0,297.15,1.958553289,c1(cc2c(c3c1op(oc1c3c3ccccc3cc1C)N(C)[C@H](c1ccccc1P(c1ccccc1)c1ccccc1)C)cccc2)C,C(=N\c1ccccc1)(/c1ccc(cc1)OC)\C,ClCCl
R76,L2-7-S39,c1(cc2c(c3c1op(oc1c3c3ccccc3cc1C)N(C)[C@H](c1ccccc1P(c1ccccc1)c1ccccc1)C)cccc2)C.C(=N\c1ccccc1)(/c1ccc(cc1)Cl)\C.ClCCl,,92.0,297.15,1.876635685,c1(cc2c(c3c1op(oc1c3c3ccccc3cc1C)N(C)[C@H](c1ccccc1P(c1ccccc1)c1ccccc1)C)cccc2)C,C(=N\c1ccccc1)(/c1ccc(cc1)Cl)\C,ClCCl
R77,L2-7-S40,c1(cc2c(c3c1op(oc1c3c3ccccc3cc1C)N(C)[C@H](c1ccccc1P(c1ccccc1)c1ccccc1)C)cccc2)C.C(=N\c1ccccc1)(/c1ccc(cc1)N(=O)=O)\C.ClCCl,,94.0,297.15,2.052630696,c1(cc2c(c3c1op(oc1c3c3ccccc3cc1C)N(C)[C@H](c1ccccc1P(c1ccccc1)c1ccccc1)C)cccc2)C,C(=N\c1ccccc1)(/c1ccc(cc1)N(=O)=O)\C,ClCCl
R78,L2-7-S41,c1(cc2c(c3c1op(oc1c3c3ccccc3cc1C)N(C)[C@H](c1ccccc1P(c1ccccc1)c1ccccc1)C)cccc2)C.C(=N\c1ccccc1)(/c1cccc(c1)N(=O)=O)\C.ClCCl,,97.0,297.15,2.470994528,c1(cc2c(c3c1op(oc1c3c3ccccc3cc1C)N(C)[C@H](c1ccccc1P(c1ccccc1)c1ccccc1)C)cccc2)C,C(=N\c1ccccc1)(/c1cccc(c1)N(=O)=O)\C,ClCCl
R79,L2-7-S42,c1(cc2c(c3c1op(oc1c3c3ccccc3cc1C)N(C)[C@H](c1ccccc1P(c1ccccc1)c1ccccc1)C)cccc2)C.C(=N\c1ccccc1)(/c1ccc(c(c1)Cl)Cl)\C.ClCCl,,93.0,297.15,1.958553289,c1(cc2c(c3c1op(oc1c3c3ccccc3cc1C)N(C)[C@H](c1ccccc1P(c1ccccc1)c1ccccc1)C)cccc2)C,C(=N\c1ccccc1)(/c1ccc(c(c1)Cl)Cl)\C,ClCCl
R80,L2-7-S43,c1(cc2c(c3c1op(oc1c3c3ccccc3cc1C)N(C)[C@H](c1ccccc1P(c1ccccc1)c1ccccc1)C)cccc2)C.C(=N\c1ccc(cc1)F)(/c1ccccc1)\C.ClCCl,,95.0,297.15,2.163327271,c1(cc2c(c3c1op(oc1c3c3ccccc3cc1C)N(C)[C@H](c1ccccc1P(c1ccccc1)c1ccccc1)C)cccc2)C,C(=N\c1ccc(cc1)F)(/c1ccccc1)\C,ClCCl
R81,L2-7-S44,c1(cc2c(c3c1op(oc1c3c3ccccc3cc1C)N(C)[C@H](c1ccccc1P(c1ccccc1)c1ccccc1)C)cccc2)C.C(=N\c1ccccc1)(/c1ccccc1C)\C.ClCCl,,62.0,297.15,0.856228681,c1(cc2c(c3c1op(oc1c3c3ccccc3cc1C)N(C)[C@H](c1ccccc1P(c1ccccc1)c1ccccc1)C)cccc2)C,C(=N\c1ccccc1)(/c1ccccc1C)\C,ClCCl
R82,L2-7-S45,c1(cc2c(c3c1op(oc1c3c3ccccc3cc1C)N(C)[C@H](c1ccccc1P(c1ccccc1)c1ccccc1)C)cccc2)C.C(=N\c1c(cccc1)C)(/c1ccccc1)\C.ClCCl,,72.0,297.15,1.071925811,c1(cc2c(c3c1op(oc1c3c3ccccc3cc1C)N(C)[C@H](c1ccccc1P(c1ccccc1)c1ccccc1)C)cccc2)C,C(=N\c1c(cccc1)C)(/c1ccccc1)\C,ClCCl
R83,L2-7-S46,c1(cc2c(c3c1op(oc1c3c3ccccc3cc1C)N(C)[C@H](c1ccccc1P(c1ccccc1)c1ccccc1)C)cccc2)C.C(=N\c1c(cccc1)C(F)(F)F)(/c1ccccc1)\C.ClCCl,,78.0,297.15,1.234579261,c1(cc2c(c3c1op(oc1c3c3ccccc3cc1C)N(C)[C@H](c1ccccc1P(c1ccccc1)c1ccccc1)C)cccc2)C,C(=N\c1c(cccc1)C(F)(F)F)(/c1ccccc1)\C,ClCCl
R84,L2-7-S47,c1(cc2c(c3c1op(oc1c3c3ccccc3cc1C)N(C)[C@H](c1ccccc1P(c1ccccc1)c1ccccc1)C)cccc2)C.C(=N\c1ccccc1)(\C)/c1ccc2c(c1)ccc(c2)OC.ClCCl,,83.0,297.15,1.403185279,c1(cc2c(c3c1op(oc1c3c3ccccc3cc1C)N(C)[C@H](c1ccccc1P(c1ccccc1)c1ccccc1)C)cccc2)C,C(=N\c1ccccc1)(\C)/c1ccc2c(c1)ccc(c2)OC,ClCCl
R85,L2-7-S48,c1(cc2c(c3c1op(oc1c3c3ccccc3cc1C)N(C)[C@H](c1ccccc1P(c1ccccc1)c1ccccc1)C)cccc2)C.C(=N\c1ccccc1)/c1cccs1.ClCCl,,85.0,297.15,1.483512438,c1(cc2c(c3c1op(oc1c3c3ccccc3cc1C)N(C)[C@H](c1ccccc1P(c1ccccc1)c1ccccc1)C)cccc2)C,C(=N\c1ccccc1)/c1cccs1,ClCCl
R86,L2-7-S49,c1(cc2c(c3c1op(oc1c3c3ccccc3cc1C)N(C)[C@H](c1ccccc1P(c1ccccc1)c1ccccc1)C)cccc2)C.C(=N\c1c(cccc1C)C)/c1ccccc1.ClCCl,,96.0,297.15,2.298113638,c1(cc2c(c3c1op(oc1c3c3ccccc3cc1C)N(C)[C@H](c1ccccc1P(c1ccccc1)c1ccccc1)C)cccc2)C,C(=N\c1c(cccc1C)C)/c1ccccc1,ClCCl
R87,L2-7-S50,c1(cc2c(c3c1op(oc1c3c3ccccc3cc1C)N(C)[C@H](c1ccccc1P(c1ccccc1)c1ccccc1)C)cccc2)C.C(=N\c1c(cccc1C)C)/c1ccc(cc1)C.ClCCl,,94.0,297.15,2.052630696,c1(cc2c(c3c1op(oc1c3c3ccccc3cc1C)N(C)[C@H](c1ccccc1P(c1ccccc1)c1ccccc1)C)cccc2)C,C(=N\c1c(cccc1C)C)/c1ccc(cc1)C,ClCCl
R88,L2-7-S51,c1(cc2c(c3c1op(oc1c3c3ccccc3cc1C)N(C)[C@H](c1ccccc1P(c1ccccc1)c1ccccc1)C)cccc2)C.C(=N\c1c(cccc1C)C)(/c1ccc(cc1)Br)\C.ClCCl,,96.0,297.15,2.298113638,c1(cc2c(c3c1op(oc1c3c3ccccc3cc1C)N(C)[C@H](c1ccccc1P(c1ccccc1)c1ccccc1)C)cccc2)C,C(=N\c1c(cccc1C)C)(/c1ccc(cc1)Br)\C,ClCCl
R89,L2-7-S52,c1(cc2c(c3c1op(oc1c3c3ccccc3cc1C)N(C)[C@H](c1ccccc1P(c1ccccc1)c1ccccc1)C)cccc2)C.C(=N\c1c(cccc1C)C)(/c1ccc(cc1)N(=O)=O)\C.ClCCl,,98.0,297.15,2.713410895,c1(cc2c(c3c1op(oc1c3c3ccccc3cc1C)N(C)[C@H](c1ccccc1P(c1ccccc1)c1ccccc1)C)cccc2)C,C(=N\c1c(cccc1C)C)(/c1ccc(cc1)N(=O)=O)\C,ClCCl
R90,L2-7-S53,c1(cc2c(c3c1op(oc1c3c3ccccc3cc1C)N(C)[C@H](c1ccccc1P(c1ccccc1)c1ccccc1)C)cccc2)C.C(=N\c1c(cccc1C)C)(/c1cccc(c1)N(=O)=O)\C.ClCCl,,98.0,297.15,2.713410895,c1(cc2c(c3c1op(oc1c3c3ccccc3cc1C)N(C)[C@H](c1ccccc1P(c1ccccc1)c1ccccc1)C)cccc2)C,C(=N\c1c(cccc1C)C)(/c1cccc(c1)N(=O)=O)\C,ClCCl
R91,L2-7-S54,c1(cc2c(c3c1op(oc1c3c3ccccc3cc1C)N(C)[C@H](c1ccccc1P(c1ccccc1)c1ccccc1)C)cccc2)C.C(=N\c1c(cccc1C)C)(/c1cccc(c1)OC)\C.ClCCl,,95.0,297.15,2.163327271,c1(cc2c(c3c1op(oc1c3c3ccccc3cc1C)N(C)[C@H](c1ccccc1P(c1ccccc1)c1ccccc1)C)cccc2)C,C(=N\c1c(cccc1C)C)(/c1cccc(c1)OC)\C,ClCCl
R92,L2-7-S55,c1(cc2c(c3c1op(oc1c3c3ccccc3cc1C)N(C)[C@H](c1ccccc1P(c1ccccc1)c1ccccc1)C)cccc2)C.C(=N\c1c(cccc1C)C)(/c1cc2c(cc1)cc(cc2)OC)\C.ClCCl,,92.0,297.15,1.876635685,c1(cc2c(c3c1op(oc1c3c3ccccc3cc1C)N(C)[C@H](c1ccccc1P(c1ccccc1)c1ccccc1)C)cccc2)C,C(=N\c1c(cccc1C)C)(/c1cc2c(cc1)cc(cc2)OC)\C,ClCCl
R93,L2-7-S56,c1(cc2c(c3c1op(oc1c3c3ccccc3cc1C)N(C)[C@H](c1ccccc1P(c1ccccc1)c1ccccc1)C)cccc2)C.C(=N\c1c(cccc1C)C)(/C(C)C)\C.ClCCl,,84.0,297.15,1.442202004,c1(cc2c(c3c1op(oc1c3c3ccccc3cc1C)N(C)[C@H](c1ccccc1P(c1ccccc1)c1ccccc1)C)cccc2)C,C(=N\c1c(cccc1C)C)(/C(C)C)\C,ClCCl
R94,L2-7-S57,c1(cc2c(c3c1op(oc1c3c3ccccc3cc1C)N(C)[C@H](c1ccccc1P(c1ccccc1)c1ccccc1)C)cccc2)C.C(=N\c1c(cccc1C)C)/COC.ClCCl,,92.0,297.15,1.876635685,c1(cc2c(c3c1op(oc1c3c3ccccc3cc1C)N(C)[C@H](c1ccccc1P(c1ccccc1)c1ccccc1)C)cccc2)C,C(=N\c1c(cccc1C)C)/COC,ClCCl
R95,L2-7-S58,c1(cc2c(c3c1op(oc1c3c3ccccc3cc1C)N(C)[C@H](c1ccccc1P(c1ccccc1)c1ccccc1)C)cccc2)C.C(=N\c1c(cccc1C)C)(/C(=O)OC)\C.ClCCl,,95.0,297.15,2.163327271,c1(cc2c(c3c1op(oc1c3c3ccccc3cc1C)N(C)[C@H](c1ccccc1P(c1ccccc1)c1ccccc1)C)cccc2)C,C(=N\c1c(cccc1C)C)(/C(=O)OC)\C,ClCCl
R96,L2-8-S2,c1cc2c(c3c1op(oc1c3c3ccccc3cc1)N(C)C)cccc2.C=C(NC(=O)C)C(=O)OC.ClCCl,,97.0,297.15,2.470994528,c1cc2c(c3c1op(oc1c3c3ccccc3cc1)N(C)C)cccc2,C=C(NC(=O)C)C(=O)OC,ClCCl
R97,L2-8-S59,c1cc2c(c3c1op(oc1c3c3ccccc3cc1)N(C)C)cccc2.C(=C(\NC(=O)C)/C(=O)OC)\c1ccccc1.ClCCl,,95.0,297.15,2.163327271,c1cc2c(c3c1op(oc1c3c3ccccc3cc1)N(C)C)cccc2,C(=C(\NC(=O)C)/C(=O)OC)\c1ccccc1,ClCCl
R98,L2-8-S3,c1cc2c(c3c1op(oc1c3c3ccccc3cc1)N(C)C)cccc2.C(=C)(c1ccccc1)NC(=O)C.ClCCl,,85.0,297.15,1.483512438,c1cc2c(c3c1op(oc1c3c3ccccc3cc1)N(C)C)cccc2,C(=C)(c1ccccc1)NC(=O)C,ClCCl
R99,L2-8-S4,c1cc2c(c3c1op(oc1c3c3ccccc3cc1)N(C)C)cccc2.C(=C)(c1ccc(cc1)Cl)NC(=O)C.ClCCl,,88.0,297.15,1.624777185,c1cc2c(c3c1op(oc1c3c3ccccc3cc1)N(C)C)cccc2,C(=C)(c1ccc(cc1)Cl)NC(=O)C,ClCCl
R100,L2-8-S60,c1cc2c(c3c1op(oc1c3c3ccccc3cc1)N(C)C)cccc2.C=C(NC(=O)C)c1ccc(cc1)OC.ClCCl,,81.0,297.15,1.331017661,c1cc2c(c3c1op(oc1c3c3ccccc3cc1)N(C)C)cccc2,C=C(NC(=O)C)c1ccc(cc1)OC,ClCCl
R101,L2-8-S61,c1cc2c(c3c1op(oc1c3c3ccccc3cc1)N(C)C)cccc2.C(=C(\NC(=O)C)/c1ccccc1)\CC.ClCCl,,80.0,297.15,1.297457586,c1cc2c(c3c1op(oc1c3c3ccccc3cc1)N(C)C)cccc2,C(=C(\NC(=O)C)/c1ccccc1)\CC,ClCCl
R102,L2-8-S62,c1cc2c(c3c1op(oc1c3c3ccccc3cc1)N(C)C)cccc2.C(=C(\NC(=O)C)/c1ccccc1)/CC.ClCCl,,6.0,297.15,0.070945023,c1cc2c(c3c1op(oc1c3c3ccccc3cc1)N(C)C)cccc2,C(=C(\NC(=O)C)/c1ccccc1)/CC,ClCCl
R103,L2-8-S1,c1cc2c(c3c1op(oc1c3c3ccccc3cc1)N(C)C)cccc2.C=C(CC(=O)OC)C(=O)OC.ClCCl,,92.0,297.15,1.876635685,c1cc2c(c3c1op(oc1c3c3ccccc3cc1)N(C)C)cccc2,C=C(CC(=O)OC)C(=O)OC,ClCCl
R104,L2-9-S2,c1cc2c(c3c1op(oc1c3c3ccccc3cc1)N(CC)CC)cccc2.C=C(NC(=O)C)C(=O)OC.ClCCl,,94.0,297.15,2.052630696,c1cc2c(c3c1op(oc1c3c3ccccc3cc1)N(CC)CC)cccc2,C=C(NC(=O)C)C(=O)OC,ClCCl
R105,L2-9-S59,c1cc2c(c3c1op(oc1c3c3ccccc3cc1)N(CC)CC)cccc2.C(=C(\NC(=O)C)/C(=O)OC)\c1ccccc1.ClCCl,,97.0,297.15,2.470994528,c1cc2c(c3c1op(oc1c3c3ccccc3cc1)N(CC)CC)cccc2,C(=C(\NC(=O)C)/C(=O)OC)\c1ccccc1,ClCCl
R106,L2-9-S3,c1cc2c(c3c1op(oc1c3c3ccccc3cc1)N(CC)CC)cccc2.C(=C)(c1ccccc1)NC(=O)C.ClCCl,,94.0,297.15,2.052630696,c1cc2c(c3c1op(oc1c3c3ccccc3cc1)N(CC)CC)cccc2,C(=C)(c1ccccc1)NC(=O)C,ClCCl
R107,L2-9-S4,c1cc2c(c3c1op(oc1c3c3ccccc3cc1)N(CC)CC)cccc2.C(=C)(c1ccc(cc1)Cl)NC(=O)C.ClCCl,,90.0,297.15,1.73868649,c1cc2c(c3c1op(oc1c3c3ccccc3cc1)N(CC)CC)cccc2,C(=C)(c1ccc(cc1)Cl)NC(=O)C,ClCCl
R108,L2-9-S60,c1cc2c(c3c1op(oc1c3c3ccccc3cc1)N(CC)CC)cccc2.C=C(NC(=O)C)c1ccc(cc1)OC.ClCCl,,87.0,297.15,1.574362763,c1cc2c(c3c1op(oc1c3c3ccccc3cc1)N(CC)CC)cccc2,C=C(NC(=O)C)c1ccc(cc1)OC,ClCCl
R109,L2-9-S61,c1cc2c(c3c1op(oc1c3c3ccccc3cc1)N(CC)CC)cccc2.C(=C(\NC(=O)C)/c1ccccc1)\CC.ClCCl,,85.0,297.15,1.483512438,c1cc2c(c3c1op(oc1c3c3ccccc3cc1)N(CC)CC)cccc2,C(=C(\NC(=O)C)/c1ccccc1)\CC,ClCCl
R110,L2-9-S62,c1cc2c(c3c1op(oc1c3c3ccccc3cc1)N(CC)CC)cccc2.C(=C(\NC(=O)C)/c1ccccc1)/CC.ClCCl,,1.0,297.15,0.011810362,c1cc2c(c3c1op(oc1c3c3ccccc3cc1)N(CC)CC)cccc2,C(=C(\NC(=O)C)/c1ccccc1)/CC,ClCCl
R111,L2-9-S1,c1cc2c(c3c1op(oc1c3c3ccccc3cc1)N(CC)CC)cccc2.C=C(CC(=O)OC)C(=O)OC.ClCCl,,94.0,297.15,2.052630696,c1cc2c(c3c1op(oc1c3c3ccccc3cc1)N(CC)CC)cccc2,C=C(CC(=O)OC)C(=O)OC,ClCCl
R112,L2-10-S2,c1cc2c(c3c1op(oc1c3c3ccccc3cc1)N1CCCC1)cccc2.C=C(NC(=O)C)C(=O)OC.ClCCl,,85.0,297.15,1.483512438,c1cc2c(c3c1op(oc1c3c3ccccc3cc1)N1CCCC1)cccc2,C=C(NC(=O)C)C(=O)OC,ClCCl
R113,L2-10-S59,c1cc2c(c3c1op(oc1c3c3ccccc3cc1)N1CCCC1)cccc2.C(=C(\NC(=O)C)/C(=O)OC)\c1ccccc1.ClCCl,,76.0,297.15,1.176526814,c1cc2c(c3c1op(oc1c3c3ccccc3cc1)N1CCCC1)cccc2,C(=C(\NC(=O)C)/C(=O)OC)\c1ccccc1,ClCCl
R114,L2-10-S3,c1cc2c(c3c1op(oc1c3c3ccccc3cc1)N1CCCC1)cccc2.C(=C)(c1ccccc1)NC(=O)C.ClCCl,,82.0,297.15,1.366197712,c1cc2c(c3c1op(oc1c3c3ccccc3cc1)N1CCCC1)cccc2,C(=C)(c1ccccc1)NC(=O)C,ClCCl
R115,L2-10-S4,c1cc2c(c3c1op(oc1c3c3ccccc3cc1)N1CCCC1)cccc2.C(=C)(c1ccc(cc1)Cl)NC(=O)C.ClCCl,,83.0,297.15,1.403185279,c1cc2c(c3c1op(oc1c3c3ccccc3cc1)N1CCCC1)cccc2,C(=C)(c1ccc(cc1)Cl)NC(=O)C,ClCCl
R116,L2-10-S60,c1cc2c(c3c1op(oc1c3c3ccccc3cc1)N1CCCC1)cccc2.C=C(NC(=O)C)c1ccc(cc1)OC.ClCCl,,76.0,297.15,1.176526814,c1cc2c(c3c1op(oc1c3c3ccccc3cc1)N1CCCC1)cccc2,C=C(NC(=O)C)c1ccc(cc1)OC,ClCCl
R117,L2-10-S61,c1cc2c(c3c1op(oc1c3c3ccccc3cc1)N1CCCC1)cccc2.C(=C(\NC(=O)C)/c1ccccc1)\CC.ClCCl,,77.0,297.15,1.205003807,c1cc2c(c3c1op(oc1c3c3ccccc3cc1)N1CCCC1)cccc2,C(=C(\NC(=O)C)/c1ccccc1)\CC,ClCCl
R118,L2-10-S62,c1cc2c(c3c1op(oc1c3c3ccccc3cc1)N1CCCC1)cccc2.C(=C(\NC(=O)C)/c1ccccc1)/CC.ClCCl,,0.0,297.15,0.0,c1cc2c(c3c1op(oc1c3c3ccccc3cc1)N1CCCC1)cccc2,C(=C(\NC(=O)C)/c1ccccc1)/CC,ClCCl
R119,L2-10-S1,c1cc2c(c3c1op(oc1c3c3ccccc3cc1)N1CCCC1)cccc2.C=C(CC(=O)OC)C(=O)OC.ClCCl,,83.0,297.15,1.403185279,c1cc2c(c3c1op(oc1c3c3ccccc3cc1)N1CCCC1)cccc2,C=C(CC(=O)OC)C(=O)OC,ClCCl
R120,L2-1-S2,c1cc2c(c3c1op(oc1c3c3ccccc3cc1)N1CCCCC1)cccc2.C=C(NC(=O)C)C(=O)OC.ClCCl,,99.0,297.15,3.125688001,c1cc2c(c3c1op(oc1c3c3ccccc3cc1)N1CCCCC1)cccc2,C=C(NC(=O)C)C(=O)OC,ClCCl
R121,L2-1-S59,c1cc2c(c3c1op(oc1c3c3ccccc3cc1)N1CCCCC1)cccc2.C(=C(\NC(=O)C)/C(=O)OC)\c1ccccc1.ClCCl,,99.0,297.15,3.125688001,c1cc2c(c3c1op(oc1c3c3ccccc3cc1)N1CCCCC1)cccc2,C(=C(\NC(=O)C)/C(=O)OC)\c1ccccc1,ClCCl
R122,L2-1-S3,c1cc2c(c3c1op(oc1c3c3ccccc3cc1)N1CCCCC1)cccc2.C(=C)(c1ccccc1)NC(=O)C.ClCCl,,99.0,297.15,3.125688001,c1cc2c(c3c1op(oc1c3c3ccccc3cc1)N1CCCCC1)cccc2,C(=C)(c1ccccc1)NC(=O)C,ClCCl
R123,L2-1-S4,c1cc2c(c3c1op(oc1c3c3ccccc3cc1)N1CCCCC1)cccc2.C(=C)(c1ccc(cc1)Cl)NC(=O)C.ClCCl,,99.0,297.15,3.125688001,c1cc2c(c3c1op(oc1c3c3ccccc3cc1)N1CCCCC1)cccc2,C(=C)(c1ccc(cc1)Cl)NC(=O)C,ClCCl
R124,L2-1-S60,c1cc2c(c3c1op(oc1c3c3ccccc3cc1)N1CCCCC1)cccc2.C=C(NC(=O)C)c1ccc(cc1)OC.ClCCl,,99.0,297.15,3.125688001,c1cc2c(c3c1op(oc1c3c3ccccc3cc1)N1CCCCC1)cccc2,C=C(NC(=O)C)c1ccc(cc1)OC,ClCCl
R125,L2-1-S61,c1cc2c(c3c1op(oc1c3c3ccccc3cc1)N1CCCCC1)cccc2.C(=C(\NC(=O)C)/c1ccccc1)\CC.ClCCl,,96.0,297.15,2.298113638,c1cc2c(c3c1op(oc1c3c3ccccc3cc1)N1CCCCC1)cccc2,C(=C(\NC(=O)C)/c1ccccc1)\CC,ClCCl
R126,L2-1-S62,c1cc2c(c3c1op(oc1c3c3ccccc3cc1)N1CCCCC1)cccc2.C(=C(\NC(=O)C)/c1ccccc1)/CC.ClCCl,,3.0,297.15,0.035440538,c1cc2c(c3c1op(oc1c3c3ccccc3cc1)N1CCCCC1)cccc2,C(=C(\NC(=O)C)/c1ccccc1)/CC,ClCCl
R127,L2-1-S1,c1cc2c(c3c1op(oc1c3c3ccccc3cc1)N1CCCCC1)cccc2.C=C(CC(=O)OC)C(=O)OC.ClCCl,,99.0,297.15,3.125688001,c1cc2c(c3c1op(oc1c3c3ccccc3cc1)N1CCCCC1)cccc2,C=C(CC(=O)OC)C(=O)OC,ClCCl
R128,L2-11-S2,c1cc2c(c3c1op(oc1c3c3ccccc3cc1)N1CCCCCC1)cccc2.C=C(NC(=O)C)C(=O)OC.ClCCl,,97.0,297.15,2.470994528,c1cc2c(c3c1op(oc1c3c3ccccc3cc1)N1CCCCCC1)cccc2,C=C(NC(=O)C)C(=O)OC,ClCCl
R129,L2-11-S59,c1cc2c(c3c1op(oc1c3c3ccccc3cc1)N1CCCCCC1)cccc2.C(=C(\NC(=O)C)/C(=O)OC)\c1ccccc1.ClCCl,,97.0,297.15,2.470994528,c1cc2c(c3c1op(oc1c3c3ccccc3cc1)N1CCCCCC1)cccc2,C(=C(\NC(=O)C)/C(=O)OC)\c1ccccc1,ClCCl
R130,L2-11-S3,c1cc2c(c3c1op(oc1c3c3ccccc3cc1)N1CCCCCC1)cccc2.C(=C)(c1ccccc1)NC(=O)C.ClCCl,,94.0,297.15,2.052630696,c1cc2c(c3c1op(oc1c3c3ccccc3cc1)N1CCCCCC1)cccc2,C(=C)(c1ccccc1)NC(=O)C,ClCCl
R131,L2-11-S4,c1cc2c(c3c1op(oc1c3c3ccccc3cc1)N1CCCCCC1)cccc2.C(=C)(c1ccc(cc1)Cl)NC(=O)C.ClCCl,,94.0,297.15,2.052630696,c1cc2c(c3c1op(oc1c3c3ccccc3cc1)N1CCCCCC1)cccc2,C(=C)(c1ccc(cc1)Cl)NC(=O)C,ClCCl
R132,L2-11-S60,c1cc2c(c3c1op(oc1c3c3ccccc3cc1)N1CCCCCC1)cccc2.C=C(NC(=O)C)c1ccc(cc1)OC.ClCCl,,92.0,297.15,1.876635685,c1cc2c(c3c1op(oc1c3c3ccccc3cc1)N1CCCCCC1)cccc2,C=C(NC(=O)C)c1ccc(cc1)OC,ClCCl
R133,L2-11-S61,c1cc2c(c3c1op(oc1c3c3ccccc3cc1)N1CCCCCC1)cccc2.C(=C(\NC(=O)C)/c1ccccc1)\CC.ClCCl,,88.0,297.15,1.624777185,c1cc2c(c3c1op(oc1c3c3ccccc3cc1)N1CCCCCC1)cccc2,C(=C(\NC(=O)C)/c1ccccc1)\CC,ClCCl
R134,L2-11-S62,c1cc2c(c3c1op(oc1c3c3ccccc3cc1)N1CCCCCC1)cccc2.C(=C(\NC(=O)C)/c1ccccc1)/CC.ClCCl,,1.0,297.15,0.011810362,c1cc2c(c3c1op(oc1c3c3ccccc3cc1)N1CCCCCC1)cccc2,C(=C(\NC(=O)C)/c1ccccc1)/CC,ClCCl
R135,L2-11-S1,c1cc2c(c3c1op(oc1c3c3ccccc3cc1)N1CCCCCC1)cccc2.C=C(CC(=O)OC)C(=O)OC.ClCCl,,93.0,297.15,1.958553289,c1cc2c(c3c1op(oc1c3c3ccccc3cc1)N1CCCCCC1)cccc2,C=C(CC(=O)OC)C(=O)OC,ClCCl
R136,L2-12-S2,c1cc2c(c3c1op(oc1c3c3ccccc3cc1)N1CCOCC1)cccc2.C=C(NC(=O)C)C(=O)OC.ClCCl,,99.0,297.15,3.125688001,c1cc2c(c3c1op(oc1c3c3ccccc3cc1)N1CCOCC1)cccc2,C=C(NC(=O)C)C(=O)OC,ClCCl
R137,L2-12-S59,c1cc2c(c3c1op(oc1c3c3ccccc3cc1)N1CCOCC1)cccc2.C(=C(\NC(=O)C)/C(=O)OC)\c1ccccc1.ClCCl,,98.0,297.15,2.713410895,c1cc2c(c3c1op(oc1c3c3ccccc3cc1)N1CCOCC1)cccc2,C(=C(\NC(=O)C)/C(=O)OC)\c1ccccc1,ClCCl
R138,L2-12-S3,c1cc2c(c3c1op(oc1c3c3ccccc3cc1)N1CCOCC1)cccc2.C(=C)(c1ccccc1)NC(=O)C.ClCCl,,99.0,297.15,3.125688001,c1cc2c(c3c1op(oc1c3c3ccccc3cc1)N1CCOCC1)cccc2,C(=C)(c1ccccc1)NC(=O)C,ClCCl
R139,L2-12-S4,c1cc2c(c3c1op(oc1c3c3ccccc3cc1)N1CCOCC1)cccc2.C(=C)(c1ccc(cc1)Cl)NC(=O)C.ClCCl,,99.0,297.15,3.125688001,c1cc2c(c3c1op(oc1c3c3ccccc3cc1)N1CCOCC1)cccc2,C(=C)(c1ccc(cc1)Cl)NC(=O)C,ClCCl
R140,L2-12-S60,c1cc2c(c3c1op(oc1c3c3ccccc3cc1)N1CCOCC1)cccc2.C=C(NC(=O)C)c1ccc(cc1)OC.ClCCl,,99.0,297.15,3.125688001,c1cc2c(c3c1op(oc1c3c3ccccc3cc1)N1CCOCC1)cccc2,C=C(NC(=O)C)c1ccc(cc1)OC,ClCCl
R141,L2-12-S61,c1cc2c(c3c1op(oc1c3c3ccccc3cc1)N1CCOCC1)cccc2.C(=C(\NC(=O)C)/c1ccccc1)\CC.ClCCl,,98.0,297.15,2.713410895,c1cc2c(c3c1op(oc1c3c3ccccc3cc1)N1CCOCC1)cccc2,C(=C(\NC(=O)C)/c1ccccc1)\CC,ClCCl
R142,L2-12-S62,c1cc2c(c3c1op(oc1c3c3ccccc3cc1)N1CCOCC1)cccc2.C(=C(\NC(=O)C)/c1ccccc1)/CC.ClCCl,,23.0,297.15,0.276577008,c1cc2c(c3c1op(oc1c3c3ccccc3cc1)N1CCOCC1)cccc2,C(=C(\NC(=O)C)/c1ccccc1)/CC,ClCCl
R143,L2-12-S1,c1cc2c(c3c1op(oc1c3c3ccccc3cc1)N1CCOCC1)cccc2.C=C(CC(=O)OC)C(=O)OC.ClCCl,,98.0,297.15,2.713410895,c1cc2c(c3c1op(oc1c3c3ccccc3cc1)N1CCOCC1)cccc2,C=C(CC(=O)OC)C(=O)OC,ClCCl
R144,L2-13-S2,c1cc2c(c3c1op(oc1c3c3ccccc3cc1)N1CCN(CC1)c1ccccc1)cccc2.C=C(NC(=O)C)C(=O)OC.ClCCl,,96.0,297.15,2.298113638,c1cc2c(c3c1op(oc1c3c3ccccc3cc1)N1CCN(CC1)c1ccccc1)cccc2,C=C(NC(=O)C)C(=O)OC,ClCCl
R145,L2-13-S59,c1cc2c(c3c1op(oc1c3c3ccccc3cc1)N1CCN(CC1)c1ccccc1)cccc2.C(=C(\NC(=O)C)/C(=O)OC)\c1ccccc1.ClCCl,,97.0,297.15,2.470994528,c1cc2c(c3c1op(oc1c3c3ccccc3cc1)N1CCN(CC1)c1ccccc1)cccc2,C(=C(\NC(=O)C)/C(=O)OC)\c1ccccc1,ClCCl
R146,L2-13-S3,c1cc2c(c3c1op(oc1c3c3ccccc3cc1)N1CCN(CC1)c1ccccc1)cccc2.C(=C)(c1ccccc1)NC(=O)C.ClCCl,,99.0,297.15,3.125688001,c1cc2c(c3c1op(oc1c3c3ccccc3cc1)N1CCN(CC1)c1ccccc1)cccc2,C(=C)(c1ccccc1)NC(=O)C,ClCCl
R147,L2-13-S4,c1cc2c(c3c1op(oc1c3c3ccccc3cc1)N1CCN(CC1)c1ccccc1)cccc2.C(=C)(c1ccc(cc1)Cl)NC(=O)C.ClCCl,,99.0,297.15,3.125688001,c1cc2c(c3c1op(oc1c3c3ccccc3cc1)N1CCN(CC1)c1ccccc1)cccc2,C(=C)(c1ccc(cc1)Cl)NC(=O)C,ClCCl
R148,L2-13-S60,c1cc2c(c3c1op(oc1c3c3ccccc3cc1)N1CCN(CC1)c1ccccc1)cccc2.C=C(NC(=O)C)c1ccc(cc1)OC.ClCCl,,98.0,297.15,2.713410895,c1cc2c(c3c1op(oc1c3c3ccccc3cc1)N1CCN(CC1)c1ccccc1)cccc2,C=C(NC(=O)C)c1ccc(cc1)OC,ClCCl
R149,L2-13-S61,c1cc2c(c3c1op(oc1c3c3ccccc3cc1)N1CCN(CC1)c1ccccc1)cccc2.C(=C(\NC(=O)C)/c1ccccc1)\CC.ClCCl,,98.0,297.15,2.713410895,c1cc2c(c3c1op(oc1c3c3ccccc3cc1)N1CCN(CC1)c1ccccc1)cccc2,C(=C(\NC(=O)C)/c1ccccc1)\CC,ClCCl
R150,L2-13-S62,c1cc2c(c3c1op(oc1c3c3ccccc3cc1)N1CCN(CC1)c1ccccc1)cccc2.C(=C(\NC(=O)C)/c1ccccc1)/CC.ClCCl,,17.0,297.15,0.202737778,c1cc2c(c3c1op(oc1c3c3ccccc3cc1)N1CCN(CC1)c1ccccc1)cccc2,C(=C(\NC(=O)C)/c1ccccc1)/CC,ClCCl
R151,L2-13-S1,c1cc2c(c3c1op(oc1c3c3ccccc3cc1)N1CCN(CC1)c1ccccc1)cccc2.C=C(CC(=O)OC)C(=O)OC.ClCCl,,91.0,297.15,1.804001442,c1cc2c(c3c1op(oc1c3c3ccccc3cc1)N1CCN(CC1)c1ccccc1)cccc2,C=C(CC(=O)OC)C(=O)OC,ClCCl
R152,L2-14-S2,c1cc2c(c3c1op(oc1c3c3ccccc3cc1)N1CCc3c(C1)cccc3)cccc2.C=C(NC(=O)C)C(=O)OC.ClCCl,,99.0,297.15,3.125688001,c1cc2c(c3c1op(oc1c3c3ccccc3cc1)N1CCc3c(C1)cccc3)cccc2,C=C(NC(=O)C)C(=O)OC,ClCCl
R153,L2-14-S59,c1cc2c(c3c1op(oc1c3c3ccccc3cc1)N1CCc3c(C1)cccc3)cccc2.C(=C(\NC(=O)C)/C(=O)OC)\c1ccccc1.ClCCl,,99.0,297.15,3.125688001,c1cc2c(c3c1op(oc1c3c3ccccc3cc1)N1CCc3c(C1)cccc3)cccc2,C(=C(\NC(=O)C)/C(=O)OC)\c1ccccc1,ClCCl
R154,L2-14-S3,c1cc2c(c3c1op(oc1c3c3ccccc3cc1)N1CCc3c(C1)cccc3)cccc2.C(=C)(c1ccccc1)NC(=O)C.ClCCl,,94.0,297.15,2.052630696,c1cc2c(c3c1op(oc1c3c3ccccc3cc1)N1CCc3c(C1)cccc3)cccc2,C(=C)(c1ccccc1)NC(=O)C,ClCCl
R155,L2-14-S4,c1cc2c(c3c1op(oc1c3c3ccccc3cc1)N1CCc3c(C1)cccc3)cccc2.C(=C)(c1ccc(cc1)Cl)NC(=O)C.ClCCl,,93.0,297.15,1.958553289,c1cc2c(c3c1op(oc1c3c3ccccc3cc1)N1CCc3c(C1)cccc3)cccc2,C(=C)(c1ccc(cc1)Cl)NC(=O)C,ClCCl
R156,L2-14-S60,c1cc2c(c3c1op(oc1c3c3ccccc3cc1)N1CCc3c(C1)cccc3)cccc2.C=C(NC(=O)C)c1ccc(cc1)OC.ClCCl,,94.0,297.15,2.052630696,c1cc2c(c3c1op(oc1c3c3ccccc3cc1)N1CCc3c(C1)cccc3)cccc2,C=C(NC(=O)C)c1ccc(cc1)OC,ClCCl
R157,L2-14-S61,c1cc2c(c3c1op(oc1c3c3ccccc3cc1)N1CCc3c(C1)cccc3)cccc2.C(=C(\NC(=O)C)/c1ccccc1)\CC.ClCCl,,89.0,297.15,1.679289888,c1cc2c(c3c1op(oc1c3c3ccccc3cc1)N1CCc3c(C1)cccc3)cccc2,C(=C(\NC(=O)C)/c1ccccc1)\CC,ClCCl
R158,L2-14-S62,c1cc2c(c3c1op(oc1c3c3ccccc3cc1)N1CCc3c(C1)cccc3)cccc2.C(=C(\NC(=O)C)/c1ccccc1)/CC.ClCCl,,12.0,297.15,0.142405807,c1cc2c(c3c1op(oc1c3c3ccccc3cc1)N1CCc3c(C1)cccc3)cccc2,C(=C(\NC(=O)C)/c1ccccc1)/CC,ClCCl
R159,L2-14-S1,c1cc2c(c3c1op(oc1c3c3ccccc3cc1)N1CCc3c(C1)cccc3)cccc2.C=C(CC(=O)OC)C(=O)OC.ClCCl,,97.0,297.15,2.470994528,c1cc2c(c3c1op(oc1c3c3ccccc3cc1)N1CCc3c(C1)cccc3)cccc2,C=C(CC(=O)OC)C(=O)OC,ClCCl
R160,L3-3-S2,c1(cc2c(c(c1P(c1ccccc1)c1ccccc1)c1c(c(cc3c1cccc3)CCc1ccccc1)P(c1ccccc1)c1ccccc1)cccc2)CCc1ccccc1.C=C(NC(=O)C)C(=O)OC.OC,,98.0,297.15,2.713410895,c1(cc2c(c(c1P(c1ccccc1)c1ccccc1)c1c(c(cc3c1cccc3)CCc1ccccc1)P(c1ccccc1)c1ccccc1)cccc2)CCc1ccccc1,C=C(NC(=O)C)C(=O)OC,OC
R161,L3-3-S63,c1(cc2c(c(c1P(c1ccccc1)c1ccccc1)c1c(c(cc3c1cccc3)CCc1ccccc1)P(c1ccccc1)c1ccccc1)cccc2)CCc1ccccc1.C=C(NC(=O)C)C(=O)O.OC,,95.0,297.15,2.163327271,c1(cc2c(c(c1P(c1ccccc1)c1ccccc1)c1c(c(cc3c1cccc3)CCc1ccccc1)P(c1ccccc1)c1ccccc1)cccc2)CCc1ccccc1,C=C(NC(=O)C)C(=O)O,OC
R162,L3-4-S2,c1(cc2c(c(c1P(c1ccccc1)c1ccccc1)c1c(c(cc3c1cccc3)COc1ccccc1)P(c1ccccc1)c1ccccc1)cccc2)COc1ccccc1.C=C(NC(=O)C)C(=O)OC.OC,,83.0,297.15,1.403185279,c1(cc2c(c(c1P(c1ccccc1)c1ccccc1)c1c(c(cc3c1cccc3)COc1ccccc1)P(c1ccccc1)c1ccccc1)cccc2)COc1ccccc1,C=C(NC(=O)C)C(=O)OC,OC
R163,L3-4-S63,c1(cc2c(c(c1P(c1ccccc1)c1ccccc1)c1c(c(cc3c1cccc3)COc1ccccc1)P(c1ccccc1)c1ccccc1)cccc2)COc1ccccc1.C=C(NC(=O)C)C(=O)O.OC,,69.0,297.15,1.001433024,c1(cc2c(c(c1P(c1ccccc1)c1ccccc1)c1c(c(cc3c1cccc3)COc1ccccc1)P(c1ccccc1)c1ccccc1)cccc2)COc1ccccc1,C=C(NC(=O)C)C(=O)O,OC
R164,L3-2-S2,c1(cc2c(c(c1P(c1ccccc1)c1ccccc1)c1c(c(cc3c1cccc3)OCc1ccccc1)P(c1ccccc1)c1ccccc1)cccc2)OCc1ccccc1.C=C(NC(=O)C)C(=O)OC.OC,,96.0,297.15,2.298113638,c1(cc2c(c(c1P(c1ccccc1)c1ccccc1)c1c(c(cc3c1cccc3)OCc1ccccc1)P(c1ccccc1)c1ccccc1)cccc2)OCc1ccccc1,C=C(NC(=O)C)C(=O)OC,OC
R165,L3-2-S63,c1(cc2c(c(c1P(c1ccccc1)c1ccccc1)c1c(c(cc3c1cccc3)OCc1ccccc1)P(c1ccccc1)c1ccccc1)cccc2)OCc1ccccc1.C=C(NC(=O)C)C(=O)O.OC,,92.0,297.15,1.876635685,c1(cc2c(c(c1P(c1ccccc1)c1ccccc1)c1c(c(cc3c1cccc3)OCc1ccccc1)P(c1ccccc1)c1ccccc1)cccc2)OCc1ccccc1,C=C(NC(=O)C)C(=O)O,OC
R166,L3-3-S59,c1(cc2c(c(c1P(c1ccccc1)c1ccccc1)c1c(c(cc3c1cccc3)CCc1ccccc1)P(c1ccccc1)c1ccccc1)cccc2)CCc1ccccc1.C(=C(\NC(=O)C)/C(=O)OC)\c1ccccc1.OC,,78.0,297.15,1.234579261,c1(cc2c(c(c1P(c1ccccc1)c1ccccc1)c1c(c(cc3c1cccc3)CCc1ccccc1)P(c1ccccc1)c1ccccc1)cccc2)CCc1ccccc1,C(=C(\NC(=O)C)/C(=O)OC)\c1ccccc1,OC
R167,L3-4-S59,c1(cc2c(c(c1P(c1ccccc1)c1ccccc1)c1c(c(cc3c1cccc3)COc1ccccc1)P(c1ccccc1)c1ccccc1)cccc2)COc1ccccc1.C(=C(\NC(=O)C)/C(=O)OC)\c1ccccc1.OC,,65.0,297.15,0.915625283,c1(cc2c(c(c1P(c1ccccc1)c1ccccc1)c1c(c(cc3c1cccc3)COc1ccccc1)P(c1ccccc1)c1ccccc1)cccc2)COc1ccccc1,C(=C(\NC(=O)C)/C(=O)OC)\c1ccccc1,OC
R168,L3-6-S63,c1(cc2c(c(c1P(c1ccccc1)c1ccccc1)c1c(c(cc3c1cccc3)OC(C)C)P(c1ccccc1)c1ccccc1)cccc2)OC(C)C.C=C(NC(=O)C)C(=O)O.OC,,94.9,297.15,2.151330954,c1(cc2c(c(c1P(c1ccccc1)c1ccccc1)c1c(c(cc3c1cccc3)OC(C)C)P(c1ccccc1)c1ccccc1)cccc2)OC(C)C,C=C(NC(=O)C)C(=O)O,OC
R169,L3-6-S2,c1(cc2c(c(c1P(c1ccccc1)c1ccccc1)c1c(c(cc3c1cccc3)OC(C)C)P(c1ccccc1)c1ccccc1)cccc2)OC(C)C.C=C(NC(=O)C)C(=O)OC.OC,,98.0,297.15,2.713410895,c1(cc2c(c(c1P(c1ccccc1)c1ccccc1)c1c(c(cc3c1cccc3)OC(C)C)P(c1ccccc1)c1ccccc1)cccc2)OC(C)C,C=C(NC(=O)C)C(=O)OC,OC
R170,L3-5-S63,c1(cc2c(c(c1P(c1ccccc1)c1ccccc1)c1c(c(cc3c1cccc3)OC(=O)C(C)(C)C)P(c1ccccc1)c1ccccc1)cccc2)OC(=O)C(C)(C)C.C=C(NC(=O)C)C(=O)O.OC,,99.0,297.15,3.125688001,c1(cc2c(c(c1P(c1ccccc1)c1ccccc1)c1c(c(cc3c1cccc3)OC(=O)C(C)(C)C)P(c1ccccc1)c1ccccc1)cccc2)OC(=O)C(C)(C)C,C=C(NC(=O)C)C(=O)O,OC
R171,L3-5-S2,c1(cc2c(c(c1P(c1ccccc1)c1ccccc1)c1c(c(cc3c1cccc3)OC(=O)C(C)(C)C)P(c1ccccc1)c1ccccc1)cccc2)OC(=O)C(C)(C)C.C=C(NC(=O)C)C(=O)OC.OC,,99.0,297.15,3.125688001,c1(cc2c(c(c1P(c1ccccc1)c1ccccc1)c1c(c(cc3c1cccc3)OC(=O)C(C)(C)C)P(c1ccccc1)c1ccccc1)cccc2)OC(=O)C(C)(C)C,C=C(NC(=O)C)C(=O)OC,OC
R172,L3-5-S59,c1(cc2c(c(c1P(c1ccccc1)c1ccccc1)c1c(c(cc3c1cccc3)OC(=O)C(C)(C)C)P(c1ccccc1)c1ccccc1)cccc2)OC(=O)C(C)(C)C.C(=C(\NC(=O)C)/C(=O)OC)\c1ccccc1.OC,,74.7,297.15,1.140999866,c1(cc2c(c(c1P(c1ccccc1)c1ccccc1)c1c(c(cc3c1cccc3)OC(=O)C(C)(C)C)P(c1ccccc1)c1ccccc1)cccc2)OC(=O)C(C)(C)C,C(=C(\NC(=O)C)/C(=O)OC)\c1ccccc1,OC
R173,L3-6-S3,c1(cc2c(c(c1P(c1ccccc1)c1ccccc1)c1c(c(cc3c1cccc3)OC(C)C)P(c1ccccc1)c1ccccc1)cccc2)OC(C)C.C(=C)(c1ccccc1)NC(=O)C.OC,,89.9,297.15,1.732499966,c1(cc2c(c(c1P(c1ccccc1)c1ccccc1)c1c(c(cc3c1cccc3)OC(C)C)P(c1ccccc1)c1ccccc1)cccc2)OC(C)C,C(=C)(c1ccccc1)NC(=O)C,OC
R174,L3-5-S3,c1(cc2c(c(c1P(c1ccccc1)c1ccccc1)c1c(c(cc3c1cccc3)OC(=O)C(C)(C)C)P(c1ccccc1)c1ccccc1)cccc2)OC(=O)C(C)(C)C.C(=C)(c1ccccc1)NC(=O)C.OC,,85.6,297.15,1.509529791,c1(cc2c(c(c1P(c1ccccc1)c1ccccc1)c1c(c(cc3c1cccc3)OC(=O)C(C)(C)C)P(c1ccccc1)c1ccccc1)cccc2)OC(=O)C(C)(C)C,C(=C)(c1ccccc1)NC(=O)C,OC
R175,L3-2-S3,c1(cc2c(c(c1P(c1ccccc1)c1ccccc1)c1c(c(cc3c1cccc3)OCc1ccccc1)P(c1ccccc1)c1ccccc1)cccc2)OCc1ccccc1.C(=C)(c1ccccc1)NC(=O)C.OC,,59.6,297.15,0.811250846,c1(cc2c(c(c1P(c1ccccc1)c1ccccc1)c1c(c(cc3c1cccc3)OCc1ccccc1)P(c1ccccc1)c1ccccc1)cccc2)OCc1ccccc1,C(=C)(c1ccccc1)NC(=O)C,OC
R176,L3-1-S64,c1cc2c(c(c1P(c1ccccc1)c1ccccc1)c1c(ccc3c1cccc3)P(c1ccccc1)c1ccccc1)cccc2.C1(=C)c2ccccc2CC1.ClCCl,,78.0,303.15,1.259507666,c1cc2c(c(c1P(c1ccccc1)c1ccccc1)c1c(ccc3c1cccc3)P(c1ccccc1)c1ccccc1)cccc2,C1(=C)c2ccccc2CC1,ClCCl
R177,L3-1-S65,c1cc2c(c(c1P(c1ccccc1)c1ccccc1)c1c(ccc3c1cccc3)P(c1ccccc1)c1ccccc1)cccc2.C1(=C)c2ccccc2CCC1.ClCCl,,69.0,303.15,1.021653782,c1cc2c(c(c1P(c1ccccc1)c1ccccc1)c1c(ccc3c1cccc3)P(c1ccccc1)c1ccccc1)cccc2,C1(=C)c2ccccc2CCC1,ClCCl
R178,L3-1-S66,c1cc2c(c(c1P(c1ccccc1)c1ccccc1)c1c(ccc3c1cccc3)P(c1ccccc1)c1ccccc1)cccc2.C1(=C)c2cc(ccc2CCC1)OC.ClCCl,,65.0,303.15,0.934113426,c1cc2c(c(c1P(c1ccccc1)c1ccccc1)c1c(ccc3c1cccc3)P(c1ccccc1)c1ccccc1)cccc2,C1(=C)c2cc(ccc2CCC1)OC,ClCCl
R179,L3-1-S67,c1cc2c(c(c1P(c1ccccc1)c1ccccc1)c1c(ccc3c1cccc3)P(c1ccccc1)c1ccccc1)cccc2.C1(=C)c2ccc(cc2CCC1)OC.ClCCl,,75.0,303.15,1.17225837,c1cc2c(c(c1P(c1ccccc1)c1ccccc1)c1c(ccc3c1cccc3)P(c1ccccc1)c1ccccc1)cccc2,C1(=C)c2ccc(cc2CCC1)OC,ClCCl
R180,L3-1-S68,c1cc2c(c(c1P(c1ccccc1)c1ccccc1)c1c(ccc3c1cccc3)P(c1ccccc1)c1ccccc1)cccc2.C1(=C)c2cccc(c2CCC1)OC.ClCCl,,61.0,303.15,0.854139126,c1cc2c(c(c1P(c1ccccc1)c1ccccc1)c1c(ccc3c1cccc3)P(c1ccccc1)c1ccccc1)cccc2,C1(=C)c2cccc(c2CCC1)OC,ClCCl
R181,L3-1-S69,c1cc2c(c(c1P(c1ccccc1)c1ccccc1)c1c(ccc3c1cccc3)P(c1ccccc1)c1ccccc1)cccc2.C(=C(\C(=O)O)/NC(=O)c1ccccc1)\c1ccccc1.OCC,,87.0,297.15,1.574362763,c1cc2c(c(c1P(c1ccccc1)c1ccccc1)c1c(ccc3c1cccc3)P(c1ccccc1)c1ccccc1)cccc2,C(=C(\C(=O)O)/NC(=O)c1ccccc1)\c1ccccc1,OCC
R182,L3-1-S70,c1cc2c(c(c1P(c1ccccc1)c1ccccc1)c1c(ccc3c1cccc3)P(c1ccccc1)c1ccccc1)cccc2.C(=C(\C(=O)OC)/NC(=O)c1ccccc1)/c1ccccc1.OCC,,93.0,297.15,1.958553289,c1cc2c(c(c1P(c1ccccc1)c1ccccc1)c1c(ccc3c1cccc3)P(c1ccccc1)c1ccccc1)cccc2,C(=C(\C(=O)OC)/NC(=O)c1ccccc1)/c1ccccc1,OCC
R183,L3-1-S71,c1cc2c(c(c1P(c1ccccc1)c1ccccc1)c1c(ccc3c1cccc3)P(c1ccccc1)c1ccccc1)cccc2.C(=C(\C(=O)O)/NC(=O)C)/c1ccccc1.OCC,,84.0,297.15,1.442202004,c1cc2c(c(c1P(c1ccccc1)c1ccccc1)c1c(ccc3c1cccc3)P(c1ccccc1)c1ccccc1)cccc2,C(=C(\C(=O)O)/NC(=O)C)/c1ccccc1,OCC
R184,L3-1-S72,c1cc2c(c(c1P(c1ccccc1)c1ccccc1)c1c(ccc3c1cccc3)P(c1ccccc1)c1ccccc1)cccc2.C=C(C(=O)O)NC(=O)c1ccccc1.OCC,,79.0,297.15,1.265357379,c1cc2c(c(c1P(c1ccccc1)c1ccccc1)c1c(ccc3c1cccc3)P(c1ccccc1)c1ccccc1)cccc2,C=C(C(=O)O)NC(=O)c1ccccc1,OCC
R185,L3-1-S73,c1cc2c(c(c1P(c1ccccc1)c1ccccc1)c1c(ccc3c1cccc3)P(c1ccccc1)c1ccccc1)cccc2.C(=C(\C(=O)O)/C)/C.OC,original paper lists 15-30,91.0,285.15,1.731149289,c1cc2c(c(c1P(c1ccccc1)c1ccccc1)c1c(ccc3c1cccc3)P(c1ccccc1)c1ccccc1)cccc2,C(=C(\C(=O)O)/C)/C,OC
R194,L3-1-S82,c1cc2c(c(c1P(c1ccccc1)c1ccccc1)c1c(ccc3c1cccc3)P(c1ccccc1)c1ccccc1)cccc2.C(=C(\C)/NC(=O)C)\C(=O)OC.OC,,92.0,298.15,1.882951134,c1cc2c(c(c1P(c1ccccc1)c1ccccc1)c1c(ccc3c1cccc3)P(c1ccccc1)c1ccccc1)cccc2,C(=C(\C)/NC(=O)C)\C(=O)OC,OC
R195,L3-1-S83,c1cc2c(c(c1P(c1ccccc1)c1ccccc1)c1c(ccc3c1cccc3)P(c1ccccc1)c1ccccc1)cccc2.C(=C(\CC(C)C)/NC(=O)C)/C(=O)OC.OC,,87.0,298.15,1.579660971,c1cc2c(c(c1P(c1ccccc1)c1ccccc1)c1c(ccc3c1cccc3)P(c1ccccc1)c1ccccc1)cccc2,C(=C(\CC(C)C)/NC(=O)C)/C(=O)OC,OC
R196,L3-1-S84,c1cc2c(c(c1P(c1ccccc1)c1ccccc1)c1c(ccc3c1cccc3)P(c1ccccc1)c1ccccc1)cccc2.C(=C\1/c2c(CCN1C(=O)C)cc(c(c2)OC)OC)\c1ccc(c(c1)OC)OC.OCC,,99.5,296.15,3.5245708,c1cc2c(c(c1P(c1ccccc1)c1ccccc1)c1c(ccc3c1cccc3)P(c1ccccc1)c1ccccc1)cccc2,C(=C\1/c2c(CCN1C(=O)C)cc(c(c2)OC)OC)\c1ccc(c(c1)OC)OC,OCC
R197,L3-1-S85,c1cc2c(c(c1P(c1ccccc1)c1ccccc1)c1c(ccc3c1cccc3)P(c1ccccc1)c1ccccc1)cccc2.C(=C\1/c2c(CCN1C(=O)c1ccccc1)cc(c(c2)OC)OC)\c1ccc(c(c1)OC)OC.OCC,,96.0,296.15,2.290379788,c1cc2c(c(c1P(c1ccccc1)c1ccccc1)c1c(ccc3c1cccc3)P(c1ccccc1)c1ccccc1)cccc2,C(=C\1/c2c(CCN1C(=O)c1ccccc1)cc(c(c2)OC)OC)\c1ccc(c(c1)OC)OC,OCC
R198,L3-1-S86,c1cc2c(c(c1P(c1ccccc1)c1ccccc1)c1c(ccc3c1cccc3)P(c1ccccc1)c1ccccc1)cccc2.C(=C\1/c2c(CCN1C=O)cc(c(c2)OC)OC)\c1ccc(c(c1)OC)OC.OCC,,99.5,296.15,3.5245708,c1cc2c(c(c1P(c1ccccc1)c1ccccc1)c1c(ccc3c1cccc3)P(c1ccccc1)c1ccccc1)cccc2,C(=C\1/c2c(CCN1C=O)cc(c(c2)OC)OC)\c1ccc(c(c1)OC)OC,OCC
R199,L3-1-S87,c1cc2c(c(c1P(c1ccccc1)c1ccccc1)c1c(ccc3c1cccc3)P(c1ccccc1)c1ccccc1)cccc2.C(=C\1/c2c(CCN1C(=O)C)cc(c(c2)OCc1ccccc1)OCc1ccccc1)\c1cc(c(c(c1)OC)OC)OC.OCC,,96.0,296.15,2.290379788,c1cc2c(c(c1P(c1ccccc1)c1ccccc1)c1c(ccc3c1cccc3)P(c1ccccc1)c1ccccc1)cccc2,C(=C\1/c2c(CCN1C(=O)C)cc(c(c2)OCc1ccccc1)OCc1ccccc1)\c1cc(c(c(c1)OC)OC)OC,OCC
R200,L3-1-S88,c1cc2c(c(c1P(c1ccccc1)c1ccccc1)c1c(ccc3c1cccc3)P(c1ccccc1)c1ccccc1)cccc2.C(=C\1/c2c(CCN1C(=O)C)cc(c(c2)C(=O)C)C)\c1ccc(c(c1)C(=O)OC)OC.OCC,,96.0,296.15,2.290379788,c1cc2c(c(c1P(c1ccccc1)c1ccccc1)c1c(ccc3c1cccc3)P(c1ccccc1)c1ccccc1)cccc2,C(=C\1/c2c(CCN1C(=O)C)cc(c(c2)C(=O)C)C)\c1ccc(c(c1)C(=O)OC)OC,OCC
R201,L3-1-S89,c1cc2c(c(c1P(c1ccccc1)c1ccccc1)c1c(ccc3c1cccc3)P(c1ccccc1)c1ccccc1)cccc2.C=C1c2c(CCN1C(=O)C)cc(c(c2)C)C.OCC,,96.0,296.15,2.290379788,c1cc2c(c(c1P(c1ccccc1)c1ccccc1)c1c(ccc3c1cccc3)P(c1ccccc1)c1ccccc1)cccc2,C=C1c2c(CCN1C(=O)C)cc(c(c2)C)C,OCC
R202,L4-3-S90,c1(cc2c(c(c1OP(c1ccccc1)c1ccccc1)c1c(c(cc3c1cccc3)c1ccccc1)OP(c1ccccc1)c1ccccc1)cccc2)c1ccccc1.C(=C(\NC(=O)C)/c1ccccc1)\C(=O)OC.OCC,,98.0,323.15,2.950828641,c1(cc2c(c(c1OP(c1ccccc1)c1ccccc1)c1c(c(cc3c1cccc3)c1ccccc1)OP(c1ccccc1)c1ccccc1)cccc2)c1ccccc1,C(=C(\NC(=O)C)/c1ccccc1)\C(=O)OC,OCC
R203,L4-4-S90,c1(cc2c(c(c1OP(c1ccccc1)c1ccccc1)c1c(c(cc3c1cccc3)c1cc(cc(c1)C)C)OP(c1ccccc1)c1ccccc1)cccc2)c1cc(cc(c1)C)C.C(=C(\NC(=O)C)/c1ccccc1)\C(=O)OC.OCC,,99.0,323.15,3.399179127,c1(cc2c(c(c1OP(c1ccccc1)c1ccccc1)c1c(c(cc3c1cccc3)c1cc(cc(c1)C)C)OP(c1ccccc1)c1ccccc1)cccc2)c1cc(cc(c1)C)C,C(=C(\NC(=O)C)/c1ccccc1)\C(=O)OC,OCC
R204,L4-5-S90,c1(cc2c(c(c1OP(c1cc(cc(c1)C)C)c1cc(cc(c1)C)C)c1c(c(cc3c1cccc3)c1ccccc1)OP(c1cc(cc(c1)C)C)c1cc(cc(c1)C)C)cccc2)c1ccccc1.C(=C(\NC(=O)C)/c1ccccc1)\C(=O)OC.OCC,,97.0,323.15,2.687201352,c1(cc2c(c(c1OP(c1cc(cc(c1)C)C)c1cc(cc(c1)C)C)c1c(c(cc3c1cccc3)c1ccccc1)OP(c1cc(cc(c1)C)C)c1cc(cc(c1)C)C)cccc2)c1ccccc1,C(=C(\NC(=O)C)/c1ccccc1)\C(=O)OC,OCC
R205,L4-4-S91,c1(cc2c(c(c1OP(c1ccccc1)c1ccccc1)c1c(c(cc3c1cccc3)c1cc(cc(c1)C)C)OP(c1ccccc1)c1ccccc1)cccc2)c1cc(cc(c1)C)C.C(=C(\NC(=O)C)/c1ccc(cc1)F)\C(=O)OC.OCC,,99.0,323.15,3.399179127,c1(cc2c(c(c1OP(c1ccccc1)c1ccccc1)c1c(c(cc3c1cccc3)c1cc(cc(c1)C)C)OP(c1ccccc1)c1ccccc1)cccc2)c1cc(cc(c1)C)C,C(=C(\NC(=O)C)/c1ccc(cc1)F)\C(=O)OC,OCC
R206,L4-4-S92,c1(cc2c(c(c1OP(c1ccccc1)c1ccccc1)c1c(c(cc3c1cccc3)c1cc(cc(c1)C)C)OP(c1ccccc1)c1ccccc1)cccc2)c1cc(cc(c1)C)C.C(=C(\NC(=O)C)/c1ccc(cc1)Cl)\C(=O)OC.OCC,,97.0,323.15,2.687201352,c1(cc2c(c(c1OP(c1ccccc1)c1ccccc1)c1c(c(cc3c1cccc3)c1cc(cc(c1)C)C)OP(c1ccccc1)c1ccccc1)cccc2)c1cc(cc(c1)C)C,C(=C(\NC(=O)C)/c1ccc(cc1)Cl)\C(=O)OC,OCC
R207,L4-4-S93,c1(cc2c(c(c1OP(c1ccccc1)c1ccccc1)c1c(c(cc3c1cccc3)c1cc(cc(c1)C)C)OP(c1ccccc1)c1ccccc1)cccc2)c1cc(cc(c1)C)C.C(=C(\NC(=O)C)/c1ccc(cc1)Br)\C(=O)OC.OCC,,97.0,323.15,2.687201352,c1(cc2c(c(c1OP(c1ccccc1)c1ccccc1)c1c(c(cc3c1cccc3)c1cc(cc(c1)C)C)OP(c1ccccc1)c1ccccc1)cccc2)c1cc(cc(c1)C)C,C(=C(\NC(=O)C)/c1ccc(cc1)Br)\C(=O)OC,OCC
R208,L4-4-S94,c1(cc2c(c(c1OP(c1ccccc1)c1ccccc1)c1c(c(cc3c1cccc3)c1cc(cc(c1)C)C)OP(c1ccccc1)c1ccccc1)cccc2)c1cc(cc(c1)C)C.C(=C(\NC(=O)C)/c1ccc(cc1)C)\C(=O)OC.OCC,,99.0,323.15,3.399179127,c1(cc2c(c(c1OP(c1ccccc1)c1ccccc1)c1c(c(cc3c1cccc3)c1cc(cc(c1)C)C)OP(c1ccccc1)c1ccccc1)cccc2)c1cc(cc(c1)C)C,C(=C(\NC(=O)C)/c1ccc(cc1)C)\C(=O)OC,OCC
R209,L4-4-S95,c1(cc2c(c(c1OP(c1ccccc1)c1ccccc1)c1c(c(cc3c1cccc3)c1cc(cc(c1)C)C)OP(c1ccccc1)c1ccccc1)cccc2)c1cc(cc(c1)C)C.C(=C(\NC(=O)C)/c1ccc(cc1)OC)\C(=O)OC.OCC,,99.0,323.15,3.399179127,c1(cc2c(c(c1OP(c1ccccc1)c1ccccc1)c1c(c(cc3c1cccc3)c1cc(cc(c1)C)C)OP(c1ccccc1)c1ccccc1)cccc2)c1cc(cc(c1)C)C,C(=C(\NC(=O)C)/c1ccc(cc1)OC)\C(=O)OC,OCC
R210,L4-4-S96,c1(cc2c(c(c1OP(c1ccccc1)c1ccccc1)c1c(c(cc3c1cccc3)c1cc(cc(c1)C)C)OP(c1ccccc1)c1ccccc1)cccc2)c1cc(cc(c1)C)C.C(=C(\NC(=O)C)/c1ccccc1C)\C(=O)OC.OCC,,96.0,323.15,2.499193748,c1(cc2c(c(c1OP(c1ccccc1)c1ccccc1)c1c(c(cc3c1cccc3)c1cc(cc(c1)C)C)OP(c1ccccc1)c1ccccc1)cccc2)c1cc(cc(c1)C)C,C(=C(\NC(=O)C)/c1ccccc1C)\C(=O)OC,OCC
R211,L4-4-S97,c1(cc2c(c(c1OP(c1ccccc1)c1ccccc1)c1c(c(cc3c1cccc3)c1cc(cc(c1)C)C)OP(c1ccccc1)c1ccccc1)cccc2)c1cc(cc(c1)C)C.C(=C(\NC(=O)C)/c1ccccc1OC)\C(=O)OC.OCC,,80.0,323.15,1.410982395,c1(cc2c(c(c1OP(c1ccccc1)c1ccccc1)c1c(c(cc3c1cccc3)c1cc(cc(c1)C)C)OP(c1ccccc1)c1ccccc1)cccc2)c1cc(cc(c1)C)C,C(=C(\NC(=O)C)/c1ccccc1OC)\C(=O)OC,OCC
R212,L4-4-S98,c1(cc2c(c(c1OP(c1ccccc1)c1ccccc1)c1c(c(cc3c1cccc3)c1cc(cc(c1)C)C)OP(c1ccccc1)c1ccccc1)cccc2)c1cc(cc(c1)C)C.C(=C(\NC(=O)C)/c1ccccc1)\C(=O)OCC.OCC,,98.0,323.15,2.950828641,c1(cc2c(c(c1OP(c1ccccc1)c1ccccc1)c1c(c(cc3c1cccc3)c1cc(cc(c1)C)C)OP(c1ccccc1)c1ccccc1)cccc2)c1cc(cc(c1)C)C,C(=C(\NC(=O)C)/c1ccccc1)\C(=O)OCC,OCC
R213,L4-4-S99,c1(cc2c(c(c1OP(c1ccccc1)c1ccccc1)c1c(c(cc3c1cccc3)c1cc(cc(c1)C)C)OP(c1ccccc1)c1ccccc1)cccc2)c1cc(cc(c1)C)C.C(=C(\NC(=O)C)/c1ccc(cc1)F)\C(=O)OCC.OCC,,98.0,323.15,2.950828641,c1(cc2c(c(c1OP(c1ccccc1)c1ccccc1)c1c(c(cc3c1cccc3)c1cc(cc(c1)C)C)OP(c1ccccc1)c1ccccc1)cccc2)c1cc(cc(c1)C)C,C(=C(\NC(=O)C)/c1ccc(cc1)F)\C(=O)OCC,OCC
R214,L4-4-S100,c1(cc2c(c(c1OP(c1ccccc1)c1ccccc1)c1c(c(cc3c1cccc3)c1cc(cc(c1)C)C)OP(c1ccccc1)c1ccccc1)cccc2)c1cc(cc(c1)C)C.C(=C(\NC(=O)C)/c1ccc(cc1)Cl)\C(=O)OCC.OCC,,95.0,323.15,2.352613857,c1(cc2c(c(c1OP(c1ccccc1)c1ccccc1)c1c(c(cc3c1cccc3)c1cc(cc(c1)C)C)OP(c1ccccc1)c1ccccc1)cccc2)c1cc(cc(c1)C)C,C(=C(\NC(=O)C)/c1ccc(cc1)Cl)\C(=O)OCC,OCC
R215,L4-4-S101,c1(cc2c(c(c1OP(c1ccccc1)c1ccccc1)c1c(c(cc3c1cccc3)c1cc(cc(c1)C)C)OP(c1ccccc1)c1ccccc1)cccc2)c1cc(cc(c1)C)C.C(=C\C(=O)OCC)(/c1ccc(cc1)Br)\NC(=O)C.OCC,,93.0,323.15,2.129922582,c1(cc2c(c(c1OP(c1ccccc1)c1ccccc1)c1c(c(cc3c1cccc3)c1cc(cc(c1)C)C)OP(c1ccccc1)c1ccccc1)cccc2)c1cc(cc(c1)C)C,C(=C\C(=O)OCC)(/c1ccc(cc1)Br)\NC(=O)C,OCC
R216,L4-1-S2,c1cc2c(c(c1OP(c1ccccc1)c1ccccc1)c1c(ccc3c1cccc3)OP(c1ccccc1)c1ccccc1)cccc2.C=C(NC(=O)C)C(=O)OC.c1(ccccc1)C,,73.2,297.15,1.101896641,c1cc2c(c(c1OP(c1ccccc1)c1ccccc1)c1c(ccc3c1cccc3)OP(c1ccccc1)c1ccccc1)cccc2,C=C(NC(=O)C)C(=O)OC,c1(ccccc1)C
R217,L4-2-S2,c1(cc2c(c(c1OP(c1ccccc1)c1ccccc1)c1c(c(cc3c1cccc3)C)OP(c1ccccc1)c1ccccc1)cccc2)C.C=C(NC(=O)C)C(=O)OC.c1(ccccc1)C,,94.8,297.15,2.139561552,c1(cc2c(c(c1OP(c1ccccc1)c1ccccc1)c1c(c(cc3c1cccc3)C)OP(c1ccccc1)c1ccccc1)cccc2)C,C=C(NC(=O)C)C(=O)OC,c1(ccccc1)C
R218,L4-3-S2,c1(cc2c(c(c1OP(c1ccccc1)c1ccccc1)c1c(c(cc3c1cccc3)c1ccccc1)OP(c1ccccc1)c1ccccc1)cccc2)c1ccccc1.C=C(NC(=O)C)C(=O)OC.c1(ccccc1)C,,99.9,297.15,4.488025377,c1(cc2c(c(c1OP(c1ccccc1)c1ccccc1)c1c(c(cc3c1cccc3)c1ccccc1)OP(c1ccccc1)c1ccccc1)cccc2)c1ccccc1,C=C(NC(=O)C)C(=O)OC,c1(ccccc1)C
R219,L4-4-S2,c1(cc2c(c(c1OP(c1ccccc1)c1ccccc1)c1c(c(cc3c1cccc3)c1cc(cc(c1)C)C)OP(c1ccccc1)c1ccccc1)cccc2)c1cc(cc(c1)C)C.C=C(NC(=O)C)C(=O)OC.c1(ccccc1)C,,95.4,297.15,2.213774015,c1(cc2c(c(c1OP(c1ccccc1)c1ccccc1)c1c(c(cc3c1cccc3)c1cc(cc(c1)C)C)OP(c1ccccc1)c1ccccc1)cccc2)c1cc(cc(c1)C)C,C=C(NC(=O)C)C(=O)OC,c1(ccccc1)C
R220,L4-5-S2,c1(cc2c(c(c1OP(c1cc(cc(c1)C)C)c1cc(cc(c1)C)C)c1c(c(cc3c1cccc3)c1ccccc1)OP(c1cc(cc(c1)C)C)c1cc(cc(c1)C)C)cccc2)c1ccccc1.C=C(NC(=O)C)C(=O)OC.c1(ccccc1)C,,93.0,297.15,1.958553289,c1(cc2c(c(c1OP(c1cc(cc(c1)C)C)c1cc(cc(c1)C)C)c1c(c(cc3c1cccc3)c1ccccc1)OP(c1cc(cc(c1)C)C)c1cc(cc(c1)C)C)cccc2)c1ccccc1,C=C(NC(=O)C)C(=O)OC,c1(ccccc1)C
R221,L4-2-S3,c1(cc2c(c(c1OP(c1ccccc1)c1ccccc1)c1c(c(cc3c1cccc3)C)OP(c1ccccc1)c1ccccc1)cccc2)C.C(=C)(c1ccccc1)NC(=O)C.O1CCCC1,,67.2,297.15,0.961781456,c1(cc2c(c(c1OP(c1ccccc1)c1ccccc1)c1c(c(cc3c1cccc3)C)OP(c1ccccc1)c1ccccc1)cccc2)C,C(=C)(c1ccccc1)NC(=O)C,O1CCCC1
R222,L4-3-S3,c1(cc2c(c(c1OP(c1ccccc1)c1ccccc1)c1c(c(cc3c1cccc3)c1ccccc1)OP(c1ccccc1)c1ccccc1)cccc2)c1ccccc1.C(=C)(c1ccccc1)NC(=O)C.O1CCCC1,,94.3,297.15,2.083831741,c1(cc2c(c(c1OP(c1ccccc1)c1ccccc1)c1c(c(cc3c1cccc3)c1ccccc1)OP(c1ccccc1)c1ccccc1)cccc2)c1ccccc1,C(=C)(c1ccccc1)NC(=O)C,O1CCCC1
R223,L4-4-S3,c1(cc2c(c(c1OP(c1ccccc1)c1ccccc1)c1c(c(cc3c1cccc3)c1cc(cc(c1)C)C)OP(c1ccccc1)c1ccccc1)cccc2)c1cc(cc(c1)C)C.C(=C)(c1ccccc1)NC(=O)C.O1CCCC1,,89.4,297.15,1.702411111,c1(cc2c(c(c1OP(c1ccccc1)c1ccccc1)c1c(c(cc3c1cccc3)c1cc(cc(c1)C)C)OP(c1ccccc1)c1ccccc1)cccc2)c1cc(cc(c1)C)C,C(=C)(c1ccccc1)NC(=O)C,O1CCCC1
R224,L4-5-S3,c1(cc2c(c(c1OP(c1cc(cc(c1)C)C)c1cc(cc(c1)C)C)c1c(c(cc3c1cccc3)c1ccccc1)OP(c1cc(cc(c1)C)C)c1cc(cc(c1)C)C)cccc2)c1ccccc1.C(=C)(c1ccccc1)NC(=O)C.O1CCCC1,,90.3,297.15,1.757604234,c1(cc2c(c(c1OP(c1cc(cc(c1)C)C)c1cc(cc(c1)C)C)c1c(c(cc3c1cccc3)c1ccccc1)OP(c1cc(cc(c1)C)C)c1cc(cc(c1)C)C)cccc2)c1ccccc1,C(=C)(c1ccccc1)NC(=O)C,O1CCCC1
R225,L4-3-S102,c1(cc2c(c(c1OP(c1ccccc1)c1ccccc1)c1c(c(cc3c1cccc3)c1ccccc1)OP(c1ccccc1)c1ccccc1)cccc2)c1ccccc1.C(=C(\NC(=O)C)/C(=O)OC)\c1ccc(cc1)F.c1(ccccc1)C,,93.4,297.15,1.994521074,c1(cc2c(c(c1OP(c1ccccc1)c1ccccc1)c1c(c(cc3c1cccc3)c1ccccc1)OP(c1ccccc1)c1ccccc1)cccc2)c1ccccc1,C(=C(\NC(=O)C)/C(=O)OC)\c1ccc(cc1)F,c1(ccccc1)C
R226,L4-3-S103,c1(cc2c(c(c1OP(c1ccccc1)c1ccccc1)c1c(c(cc3c1cccc3)c1ccccc1)OP(c1ccccc1)c1ccccc1)cccc2)c1ccccc1.C(=C(\NC(=O)C)/C(=O)OC)\c1ccc(cc1)OC.c1(ccccc1)C,,87.2,297.15,1.584149171,c1(cc2c(c(c1OP(c1ccccc1)c1ccccc1)c1c(c(cc3c1cccc3)c1ccccc1)OP(c1ccccc1)c1ccccc1)cccc2)c1ccccc1,C(=C(\NC(=O)C)/C(=O)OC)\c1ccc(cc1)OC,c1(ccccc1)C
R227,L4-3-S104,c1(cc2c(c(c1OP(c1ccccc1)c1ccccc1)c1c(c(cc3c1cccc3)c1ccccc1)OP(c1ccccc1)c1ccccc1)cccc2)c1ccccc1.C(=C(\NC(=O)C)/C(=O)OC)\c1cccc(c1)Br.c1(ccccc1)C,,92.6,297.15,1.92451428,c1(cc2c(c(c1OP(c1ccccc1)c1ccccc1)c1c(c(cc3c1cccc3)c1ccccc1)OP(c1ccccc1)c1ccccc1)cccc2)c1ccccc1,C(=C(\NC(=O)C)/C(=O)OC)\c1cccc(c1)Br,c1(ccccc1)C
R228,L4-3-S105,c1(cc2c(c(c1OP(c1ccccc1)c1ccccc1)c1c(c(cc3c1cccc3)c1ccccc1)OP(c1ccccc1)c1ccccc1)cccc2)c1ccccc1.C(=C(\NC(=O)C)/C(=O)OC)\c1c(cccc1)Cl.c1(ccccc1)C,,81.5,297.15,1.34839418,c1(cc2c(c(c1OP(c1ccccc1)c1ccccc1)c1c(c(cc3c1cccc3)c1ccccc1)OP(c1ccccc1)c1ccccc1)cccc2)c1ccccc1,C(=C(\NC(=O)C)/C(=O)OC)\c1c(cccc1)Cl,c1(ccccc1)C
R229,L4-3-S106,c1(cc2c(c(c1OP(c1ccccc1)c1ccccc1)c1c(c(cc3c1cccc3)c1ccccc1)OP(c1ccccc1)c1ccccc1)cccc2)c1ccccc1.C(=C(\NC(=O)C)/C(=O)OC)\c1ccc2c(c1)cccc2.c1(ccccc1)C,,97.3,297.15,2.534108295,c1(cc2c(c(c1OP(c1ccccc1)c1ccccc1)c1c(c(cc3c1cccc3)c1ccccc1)OP(c1ccccc1)c1ccccc1)cccc2)c1ccccc1,C(=C(\NC(=O)C)/C(=O)OC)\c1ccc2c(c1)cccc2,c1(ccccc1)C
R230,L4-3-S107,c1(cc2c(c(c1OP(c1ccccc1)c1ccccc1)c1c(c(cc3c1cccc3)c1ccccc1)OP(c1ccccc1)c1ccccc1)cccc2)c1ccccc1.C=C(NC(=O)C)c1ccc(cc1)C(F)(F)F.O1CCCC1,,95.7,297.15,2.254503887,c1(cc2c(c(c1OP(c1ccccc1)c1ccccc1)c1c(c(cc3c1cccc3)c1ccccc1)OP(c1ccccc1)c1ccccc1)cccc2)c1ccccc1,C=C(NC(=O)C)c1ccc(cc1)C(F)(F)F,O1CCCC1
R231,L4-3-S108,c1(cc2c(c(c1OP(c1ccccc1)c1ccccc1)c1c(c(cc3c1cccc3)c1ccccc1)OP(c1ccccc1)c1ccccc1)cccc2)c1ccccc1.C=C(NC(=O)C)c1cccc(c1)C.O1CCCC1,,96.3,297.15,2.345052937,c1(cc2c(c(c1OP(c1ccccc1)c1ccccc1)c1c(c(cc3c1cccc3)c1ccccc1)OP(c1ccccc1)c1ccccc1)cccc2)c1ccccc1,C=C(NC(=O)C)c1cccc(c1)C,O1CCCC1
R232,L4-3-S109,c1(cc2c(c(c1OP(c1ccccc1)c1ccccc1)c1c(c(cc3c1cccc3)c1ccccc1)OP(c1ccccc1)c1ccccc1)cccc2)c1ccccc1.C=C(NC(=O)C)c1ccc(cc1)c1ccccc1.O1CCCC1,,94.2,297.15,2.073257956,c1(cc2c(c(c1OP(c1ccccc1)c1ccccc1)c1c(c(cc3c1cccc3)c1ccccc1)OP(c1ccccc1)c1ccccc1)cccc2)c1ccccc1,C=C(NC(=O)C)c1ccc(cc1)c1ccccc1,O1CCCC1
R233,L4-3-S80,c1(cc2c(c(c1OP(c1ccccc1)c1ccccc1)c1c(c(cc3c1cccc3)c1ccccc1)OP(c1ccccc1)c1ccccc1)cccc2)c1ccccc1.C(=C(\C(=O)O)/C)(/CC(=O)OC)\C.O1CCCC1,,94.1,297.15,2.062859575,c1(cc2c(c(c1OP(c1ccccc1)c1ccccc1)c1c(c(cc3c1cccc3)c1ccccc1)OP(c1ccccc1)c1ccccc1)cccc2)c1ccccc1,C(=C(\C(=O)O)/C)(/CC(=O)OC)\C,O1CCCC1
R234,L4-6-S59,c1cc2c(c(c1OP1[C@@H](CC[C@H]1C)C)c1c(ccc3c1cccc3)OP1[C@@H](CC[C@H]1C)C)cccc2.C(=C(\NC(=O)C)/C(=O)OC)\c1ccccc1.ClCCl,,74.0,297.15,1.122513097,c1cc2c(c(c1OP1[C@@H](CC[C@H]1C)C)c1c(ccc3c1cccc3)OP1[C@@H](CC[C@H]1C)C)cccc2,C(=C(\NC(=O)C)/C(=O)OC)\c1ccccc1,ClCCl
R235,L4-6-S2,c1cc2c(c(c1OP1[C@@H](CC[C@H]1C)C)c1c(ccc3c1cccc3)OP1[C@@H](CC[C@H]1C)C)cccc2.C=C(NC(=O)C)C(=O)OC.ClCCl,,84.0,297.15,1.442202004,c1cc2c(c(c1OP1[C@@H](CC[C@H]1C)C)c1c(ccc3c1cccc3)OP1[C@@H](CC[C@H]1C)C)cccc2,C=C(NC(=O)C)C(=O)OC,ClCCl
R236,L4-6-S63,c1cc2c(c(c1OP1[C@@H](CC[C@H]1C)C)c1c(ccc3c1cccc3)OP1[C@@H](CC[C@H]1C)C)cccc2.C=C(NC(=O)C)C(=O)O.OC,,21.0,297.15,0.251754676,c1cc2c(c(c1OP1[C@@H](CC[C@H]1C)C)c1c(ccc3c1cccc3)OP1[C@@H](CC[C@H]1C)C)cccc2,C=C(NC(=O)C)C(=O)O,OC
R237,L4-6-S110,c1cc2c(c(c1OP1[C@@H](CC[C@H]1C)C)c1c(ccc3c1cccc3)OP1[C@@H](CC[C@H]1C)C)cccc2.C=C(C(F)(F)F)OC(=O)C.ClCCl,,67.0,297.15,0.957485028,c1cc2c(c(c1OP1[C@@H](CC[C@H]1C)C)c1c(ccc3c1cccc3)OP1[C@@H](CC[C@H]1C)C)cccc2,C=C(C(F)(F)F)OC(=O)C,ClCCl
R238,L4-6-S1,c1cc2c(c(c1OP1[C@@H](CC[C@H]1C)C)c1c(ccc3c1cccc3)OP1[C@@H](CC[C@H]1C)C)cccc2.C=C(CC(=O)OC)C(=O)OC.OC,,37.9,297.15,0.47108946,c1cc2c(c(c1OP1[C@@H](CC[C@H]1C)C)c1c(ccc3c1cccc3)OP1[C@@H](CC[C@H]1C)C)cccc2,C=C(CC(=O)OC)C(=O)OC,OC
R239,L4-6-S1,c1cc2c(c(c1OP1[C@@H](CC[C@H]1C)C)c1c(ccc3c1cccc3)OP1[C@@H](CC[C@H]1C)C)cccc2.C=C(CC(=O)OC)C(=O)OC.O(CC)C(=O)C,,84.6,297.15,1.466693974,c1cc2c(c(c1OP1[C@@H](CC[C@H]1C)C)c1c(ccc3c1cccc3)OP1[C@@H](CC[C@H]1C)C)cccc2,C=C(CC(=O)OC)C(=O)OC,O(CC)C(=O)C
R240,L4-6-S1,c1cc2c(c(c1OP1[C@@H](CC[C@H]1C)C)c1c(ccc3c1cccc3)OP1[C@@H](CC[C@H]1C)C)cccc2.C=C(CC(=O)OC)C(=O)OC.O1CCCC1,,90.7,297.15,1.783710891,c1cc2c(c(c1OP1[C@@H](CC[C@H]1C)C)c1c(ccc3c1cccc3)OP1[C@@H](CC[C@H]1C)C)cccc2,C=C(CC(=O)OC)C(=O)OC,O1CCCC1
R241,L4-7-S59,c1cc2c(c(c1OP(c1cc(cc(c1)C)C)c1cc(cc(c1)C)C)c1c(ccc3c1cccc3)OP(c1cc(cc(c1)C)C)c1cc(cc(c1)C)C)cccc2.C(=C(\NC(=O)C)/C(=O)OC)\c1ccccc1.OC,,83.0,297.15,1.403185279,c1cc2c(c(c1OP(c1cc(cc(c1)C)C)c1cc(cc(c1)C)C)c1c(ccc3c1cccc3)OP(c1cc(cc(c1)C)C)c1cc(cc(c1)C)C)cccc2,C(=C(\NC(=O)C)/C(=O)OC)\c1ccccc1,OC
R242,L4-7-S59,c1cc2c(c(c1OP(c1cc(cc(c1)C)C)c1cc(cc(c1)C)C)c1c(ccc3c1cccc3)OP(c1cc(cc(c1)C)C)c1cc(cc(c1)C)C)cccc2.C(=C(\NC(=O)C)/C(=O)OC)\c1ccccc1.OCC,,85.0,297.15,1.483512438,c1cc2c(c(c1OP(c1cc(cc(c1)C)C)c1cc(cc(c1)C)C)c1c(ccc3c1cccc3)OP(c1cc(cc(c1)C)C)c1cc(cc(c1)C)C)cccc2,C(=C(\NC(=O)C)/C(=O)OC)\c1ccccc1,OCC
R243,L4-7-S59,c1cc2c(c(c1OP(c1cc(cc(c1)C)C)c1cc(cc(c1)C)C)c1c(ccc3c1cccc3)OP(c1cc(cc(c1)C)C)c1cc(cc(c1)C)C)cccc2.C(=C(\NC(=O)C)/C(=O)OC)\c1ccccc1.O1CCCC1,,87.0,297.15,1.574362763,c1cc2c(c(c1OP(c1cc(cc(c1)C)C)c1cc(cc(c1)C)C)c1c(ccc3c1cccc3)OP(c1cc(cc(c1)C)C)c1cc(cc(c1)C)C)cccc2,C(=C(\NC(=O)C)/C(=O)OC)\c1ccccc1,O1CCCC1
R244,L4-7-S59,c1cc2c(c(c1OP(c1cc(cc(c1)C)C)c1cc(cc(c1)C)C)c1c(ccc3c1cccc3)OP(c1cc(cc(c1)C)C)c1cc(cc(c1)C)C)cccc2.C(=C(\NC(=O)C)/C(=O)OC)\c1ccccc1.ClCCl,,92.0,297.15,1.876635685,c1cc2c(c(c1OP(c1cc(cc(c1)C)C)c1cc(cc(c1)C)C)c1c(ccc3c1cccc3)OP(c1cc(cc(c1)C)C)c1cc(cc(c1)C)C)cccc2,C(=C(\NC(=O)C)/C(=O)OC)\c1ccccc1,ClCCl
R245,L4-7-S103,c1cc2c(c(c1OP(c1cc(cc(c1)C)C)c1cc(cc(c1)C)C)c1c(ccc3c1cccc3)OP(c1cc(cc(c1)C)C)c1cc(cc(c1)C)C)cccc2.C(=C(\NC(=O)C)/C(=O)OC)\c1ccc(cc1)OC.ClCCl,,91.0,297.15,1.804001442,c1cc2c(c(c1OP(c1cc(cc(c1)C)C)c1cc(cc(c1)C)C)c1c(ccc3c1cccc3)OP(c1cc(cc(c1)C)C)c1cc(cc(c1)C)C)cccc2,C(=C(\NC(=O)C)/C(=O)OC)\c1ccc(cc1)OC,ClCCl
R246,L4-7-S111,c1cc2c(c(c1OP(c1cc(cc(c1)C)C)c1cc(cc(c1)C)C)c1c(ccc3c1cccc3)OP(c1cc(cc(c1)C)C)c1cc(cc(c1)C)C)cccc2.C(=C(\NC(=O)C)/C(=O)OC)\c1ccc(cc1)C.ClCCl,,92.0,297.15,1.876635685,c1cc2c(c(c1OP(c1cc(cc(c1)C)C)c1cc(cc(c1)C)C)c1c(ccc3c1cccc3)OP(c1cc(cc(c1)C)C)c1cc(cc(c1)C)C)cccc2,C(=C(\NC(=O)C)/C(=O)OC)\c1ccc(cc1)C,ClCCl
R247,L4-7-S112,c1cc2c(c(c1OP(c1cc(cc(c1)C)C)c1cc(cc(c1)C)C)c1c(ccc3c1cccc3)OP(c1cc(cc(c1)C)C)c1cc(cc(c1)C)C)cccc2.C(=C(\NC(=O)C)/C(=O)OC)\c1ccc(cc1)OC(=O)C.ClCCl,,90.0,297.15,1.73868649,c1cc2c(c(c1OP(c1cc(cc(c1)C)C)c1cc(cc(c1)C)C)c1c(ccc3c1cccc3)OP(c1cc(cc(c1)C)C)c1cc(cc(c1)C)C)cccc2,C(=C(\NC(=O)C)/C(=O)OC)\c1ccc(cc1)OC(=O)C,ClCCl
R248,L4-7-S113,c1cc2c(c(c1OP(c1cc(cc(c1)C)C)c1cc(cc(c1)C)C)c1c(ccc3c1cccc3)OP(c1cc(cc(c1)C)C)c1cc(cc(c1)C)C)cccc2.C(=C(\NC(=O)C)/C(=O)OC)\c1ccc(cc1)Cl.ClCCl,,91.0,297.15,1.804001442,c1cc2c(c(c1OP(c1cc(cc(c1)C)C)c1cc(cc(c1)C)C)c1c(ccc3c1cccc3)OP(c1cc(cc(c1)C)C)c1cc(cc(c1)C)C)cccc2,C(=C(\NC(=O)C)/C(=O)OC)\c1ccc(cc1)Cl,ClCCl
R249,L4-7-S114,c1cc2c(c(c1OP(c1cc(cc(c1)C)C)c1cc(cc(c1)C)C)c1c(ccc3c1cccc3)OP(c1cc(cc(c1)C)C)c1cc(cc(c1)C)C)cccc2.C(=C(\NC(=O)C)/C(=O)OC)\c1ccc(cc1)N(=O)=O.ClCCl,,89.0,297.15,1.679289888,c1cc2c(c(c1OP(c1cc(cc(c1)C)C)c1cc(cc(c1)C)C)c1c(ccc3c1cccc3)OP(c1cc(cc(c1)C)C)c1cc(cc(c1)C)C)cccc2,C(=C(\NC(=O)C)/C(=O)OC)\c1ccc(cc1)N(=O)=O,ClCCl
R250,L4-7-S105,c1cc2c(c(c1OP(c1cc(cc(c1)C)C)c1cc(cc(c1)C)C)c1c(ccc3c1cccc3)OP(c1cc(cc(c1)C)C)c1cc(cc(c1)C)C)cccc2.C(=C(\NC(=O)C)/C(=O)OC)\c1c(cccc1)Cl.ClCCl,,90.0,297.15,1.73868649,c1cc2c(c(c1OP(c1cc(cc(c1)C)C)c1cc(cc(c1)C)C)c1c(ccc3c1cccc3)OP(c1cc(cc(c1)C)C)c1cc(cc(c1)C)C)cccc2,C(=C(\NC(=O)C)/C(=O)OC)\c1c(cccc1)Cl,ClCCl
R251,L4-7-S115,c1cc2c(c(c1OP(c1cc(cc(c1)C)C)c1cc(cc(c1)C)C)c1c(ccc3c1cccc3)OP(c1cc(cc(c1)C)C)c1cc(cc(c1)C)C)cccc2.C(=C(\NC(=O)C)/C(=O)OC)\c1ccco1.ClCCl,,89.0,297.15,1.679289888,c1cc2c(c(c1OP(c1cc(cc(c1)C)C)c1cc(cc(c1)C)C)c1c(ccc3c1cccc3)OP(c1cc(cc(c1)C)C)c1cc(cc(c1)C)C)cccc2,C(=C(\NC(=O)C)/C(=O)OC)\c1ccco1,ClCCl
R252,L4-7-S2,c1cc2c(c(c1OP(c1cc(cc(c1)C)C)c1cc(cc(c1)C)C)c1c(ccc3c1cccc3)OP(c1cc(cc(c1)C)C)c1cc(cc(c1)C)C)cccc2.C=C(NC(=O)C)C(=O)OC.ClCCl,,94.0,297.15,2.052630696,c1cc2c(c(c1OP(c1cc(cc(c1)C)C)c1cc(cc(c1)C)C)c1c(ccc3c1cccc3)OP(c1cc(cc(c1)C)C)c1cc(cc(c1)C)C)cccc2,C=C(NC(=O)C)C(=O)OC,ClCCl
R253,L4-7-S63,c1cc2c(c(c1OP(c1cc(cc(c1)C)C)c1cc(cc(c1)C)C)c1c(ccc3c1cccc3)OP(c1cc(cc(c1)C)C)c1cc(cc(c1)C)C)cccc2.C=C(NC(=O)C)C(=O)O.OC,,86.0,297.15,1.527435905,c1cc2c(c(c1OP(c1cc(cc(c1)C)C)c1cc(cc(c1)C)C)c1c(ccc3c1cccc3)OP(c1cc(cc(c1)C)C)c1cc(cc(c1)C)C)cccc2,C=C(NC(=O)C)C(=O)O,OC
R260,L5-2-S117,c1(cc2c(c3-c4c(c(cc5c4cccc5)c4c5ccccc5c5c(c4)C=CC=C5)O[P@@](=O)(Oc13)O)cccc2)c1c2ccccc2c2c(c1)C=CC=C2.C1=C(c2c(cc(c(c2OC)OC)OC)NC1(C)C)C.c1(ccccc1)C,,90.0,273.15,1.598257496,c1(cc2c(c3-c4c(c(cc5c4cccc5)c4c5ccccc5c5c(c4)C=CC=C5)O[P@@](=O)(Oc13)O)cccc2)c1c2ccccc2c2c(c1)C=CC=C2,C1=C(c2c(cc(c(c2OC)OC)OC)NC1(C)C)C,c1(ccccc1)C
R261,L5-2-S118,c1(cc2c(c3-c4c(c(cc5c4cccc5)c4c5ccccc5c5c(c4)C=CC=C5)O[P@@](=O)(Oc13)O)cccc2)c1c2ccccc2c2c(c1)C=CC=C2.C1=C(c2c(cc(c(c2)OC)OC)NC1(C)C)C.c1(ccccc1)C,,88.0,273.15,1.493548336,c1(cc2c(c3-c4c(c(cc5c4cccc5)c4c5ccccc5c5c(c4)C=CC=C5)O[P@@](=O)(Oc13)O)cccc2)c1c2ccccc2c2c(c1)C=CC=C2,C1=C(c2c(cc(c(c2)OC)OC)NC1(C)C)C,c1(ccccc1)C
R262,L5-2-S119,c1(cc2c(c3-c4c(c(cc5c4cccc5)c4c5ccccc5c5c(c4)C=CC=C5)O[P@@](=O)(Oc13)O)cccc2)c1c2ccccc2c2c(c1)C=CC=C2.C1=C(c2c(cc(cc2)OC)NC1(C)C)C.c1(ccccc1)C,,86.0,273.15,1.404069048,c1(cc2c(c3-c4c(c(cc5c4cccc5)c4c5ccccc5c5c(c4)C=CC=C5)O[P@@](=O)(Oc13)O)cccc2)c1c2ccccc2c2c(c1)C=CC=C2,C1=C(c2c(cc(cc2)OC)NC1(C)C)C,c1(ccccc1)C
R263,L5-2-S120,c1(cc2c(c3-c4c(c(cc5c4cccc5)c4c5ccccc5c5c(c4)C=CC=C5)O[P@@](=O)(Oc13)O)cccc2)c1c2ccccc2c2c(c1)C=CC=C2.C1=C(c2c(cc(cc2)OC(C)C)NC1(C)C)C.c1(ccccc1)C,,91.0,273.15,1.658297136,c1(cc2c(c3-c4c(c(cc5c4cccc5)c4c5ccccc5c5c(c4)C=CC=C5)O[P@@](=O)(Oc13)O)cccc2)c1c2ccccc2c2c(c1)C=CC=C2,C1=C(c2c(cc(cc2)OC(C)C)NC1(C)C)C,c1(ccccc1)C
R264,L5-2-S121,c1(cc2c(c3-c4c(c(cc5c4cccc5)c4c5ccccc5c5c(c4)C=CC=C5)O[P@@](=O)(Oc13)O)cccc2)c1c2ccccc2c2c(c1)C=CC=C2.C1=C(c2c(cc(cc2)OCCCC)NC1(C)C)C.c1(ccccc1)C,,90.0,273.15,1.598257496,c1(cc2c(c3-c4c(c(cc5c4cccc5)c4c5ccccc5c5c(c4)C=CC=C5)O[P@@](=O)(Oc13)O)cccc2)c1c2ccccc2c2c(c1)C=CC=C2,C1=C(c2c(cc(cc2)OCCCC)NC1(C)C)C,c1(ccccc1)C
R265,L5-2-S122,c1(cc2c(c3-c4c(c(cc5c4cccc5)c4c5ccccc5c5c(c4)C=CC=C5)O[P@@](=O)(Oc13)O)cccc2)c1c2ccccc2c2c(c1)C=CC=C2.C1=C(c2c(cc(cc2)OCc2ccccc2)NC1(C)C)C.c1(ccccc1)C,,94.0,273.15,1.886845279,c1(cc2c(c3-c4c(c(cc5c4cccc5)c4c5ccccc5c5c(c4)C=CC=C5)O[P@@](=O)(Oc13)O)cccc2)c1c2ccccc2c2c(c1)C=CC=C2,C1=C(c2c(cc(cc2)OCc2ccccc2)NC1(C)C)C,c1(ccccc1)C
R266,L5-2-S123,c1(cc2c(c3-c4c(c(cc5c4cccc5)c4c5ccccc5c5c(c4)C=CC=C5)O[P@@](=O)(Oc13)O)cccc2)c1c2ccccc2c2c(c1)C=CC=C2.C1=C(c2c(cc(cc2)OCc2c3ccccc3ccc2)NC1(C)C)C.c1(ccccc1)C,,90.0,273.15,1.598257496,c1(cc2c(c3-c4c(c(cc5c4cccc5)c4c5ccccc5c5c(c4)C=CC=C5)O[P@@](=O)(Oc13)O)cccc2)c1c2ccccc2c2c(c1)C=CC=C2,C1=C(c2c(cc(cc2)OCc2c3ccccc3ccc2)NC1(C)C)C,c1(ccccc1)C
R267,L5-2-S124,c1(cc2c(c3-c4c(c(cc5c4cccc5)c4c5ccccc5c5c(c4)C=CC=C5)O[P@@](=O)(Oc13)O)cccc2)c1c2ccccc2c2c(c1)C=CC=C2.C1=C(c2c(cc(c(c2)F)OC)NC1(C)C)C.c1(ccccc1)C,,78.0,273.15,1.134865641,c1(cc2c(c3-c4c(c(cc5c4cccc5)c4c5ccccc5c5c(c4)C=CC=C5)O[P@@](=O)(Oc13)O)cccc2)c1c2ccccc2c2c(c1)C=CC=C2,C1=C(c2c(cc(c(c2)F)OC)NC1(C)C)C,c1(ccccc1)C
R268,L5-2-S125,c1(cc2c(c3-c4c(c(cc5c4cccc5)c4c5ccccc5c5c(c4)C=CC=C5)O[P@@](=O)(Oc13)O)cccc2)c1c2ccccc2c2c(c1)C=CC=C2.C1=C(c2c(cc(c(c2)Cl)OC)NC1(C)C)C.c1(ccccc1)C,,86.0,273.15,1.404069048,c1(cc2c(c3-c4c(c(cc5c4cccc5)c4c5ccccc5c5c(c4)C=CC=C5)O[P@@](=O)(Oc13)O)cccc2)c1c2ccccc2c2c(c1)C=CC=C2,C1=C(c2c(cc(c(c2)Cl)OC)NC1(C)C)C,c1(ccccc1)C
R269,L5-2-S126,c1(cc2c(c3-c4c(c(cc5c4cccc5)c4c5ccccc5c5c(c4)C=CC=C5)O[P@@](=O)(Oc13)O)cccc2)c1c2ccccc2c2c(c1)C=CC=C2.C1=C(c2c(cc(c(c2)Br)OC)NC1(C)C)C.c1(ccccc1)C,,86.0,273.15,1.404069048,c1(cc2c(c3-c4c(c(cc5c4cccc5)c4c5ccccc5c5c(c4)C=CC=C5)O[P@@](=O)(Oc13)O)cccc2)c1c2ccccc2c2c(c1)C=CC=C2,C1=C(c2c(cc(c(c2)Br)OC)NC1(C)C)C,c1(ccccc1)C
R270,L5-2-S153,c1(cc2c(c3-c4c(c(cc5c4cccc5)c4c5ccccc5c5c(c4)C=CC=C5)O[P@@](=O)(Oc13)O)cccc2)c1c2ccccc2c2c(c1)C=CC=C2.C1=C(c2c(c3c(cc2)cccc3)NC1(C)C)C.c1(ccccc1)C,,65.0,273.15,0.841672711,c1(cc2c(c3-c4c(c(cc5c4cccc5)c4c5ccccc5c5c(c4)C=CC=C5)O[P@@](=O)(Oc13)O)cccc2)c1c2ccccc2c2c(c1)C=CC=C2,C1=C(c2c(c3c(cc2)cccc3)NC1(C)C)C,c1(ccccc1)C
R271,L5-2-S128,c1(cc2c(c3-c4c(c(cc5c4cccc5)c4c5ccccc5c5c(c4)C=CC=C5)O[P@@](=O)(Oc13)O)cccc2)c1c2ccccc2c2c(c1)C=CC=C2.C1=C(c2c(c3c(cc2)ccc(c3)OC)NC1(C)C)C.c1(ccccc1)C,,92.0,273.15,1.725064908,c1(cc2c(c3-c4c(c(cc5c4cccc5)c4c5ccccc5c5c(c4)C=CC=C5)O[P@@](=O)(Oc13)O)cccc2)c1c2ccccc2c2c(c1)C=CC=C2,C1=C(c2c(c3c(cc2)ccc(c3)OC)NC1(C)C)C,c1(ccccc1)C
R279,L5-3-S130,c1(cc2c(c3-c4c(c(cc5c4cccc5)[Si](c4ccccc4)(c4ccccc4)c4ccccc4)OP(=O)(Oc13)O)cccc2)[Si](c1ccccc1)(c1ccccc1)c1ccccc1.C(=C)(c1c(cc(cc1)OC)O[Si](C)(C)C)c1ccccc1.ClCCl,,98.0,297.15,2.713410895,c1(cc2c(c3-c4c(c(cc5c4cccc5)[Si](c4ccccc4)(c4ccccc4)c4ccccc4)OP(=O)(Oc13)O)cccc2)[Si](c1ccccc1)(c1ccccc1)c1ccccc1,C(=C)(c1c(cc(cc1)OC)O[Si](C)(C)C)c1ccccc1,ClCCl
R280,L5-3-S131,c1(cc2c(c3-c4c(c(cc5c4cccc5)[Si](c4ccccc4)(c4ccccc4)c4ccccc4)OP(=O)(Oc13)O)cccc2)[Si](c1ccccc1)(c1ccccc1)c1ccccc1.C(=C)(c1c(cc(cc1)OCc1ccccc1)O[Si](C)(C)C)c1ccccc1.ClCCl,,98.0,297.15,2.713410895,c1(cc2c(c3-c4c(c(cc5c4cccc5)[Si](c4ccccc4)(c4ccccc4)c4ccccc4)OP(=O)(Oc13)O)cccc2)[Si](c1ccccc1)(c1ccccc1)c1ccccc1,C(=C)(c1c(cc(cc1)OCc1ccccc1)O[Si](C)(C)C)c1ccccc1,ClCCl
R281,L5-3-S132,c1(cc2c(c3-c4c(c(cc5c4cccc5)[Si](c4ccccc4)(c4ccccc4)c4ccccc4)OP(=O)(Oc13)O)cccc2)[Si](c1ccccc1)(c1ccccc1)c1ccccc1.C(=C)(c1c(cc(cc1)OCC=C)O[Si](C)(C)C)c1ccccc1.ClCCl,,98.0,297.15,2.713410895,c1(cc2c(c3-c4c(c(cc5c4cccc5)[Si](c4ccccc4)(c4ccccc4)c4ccccc4)OP(=O)(Oc13)O)cccc2)[Si](c1ccccc1)(c1ccccc1)c1ccccc1,C(=C)(c1c(cc(cc1)OCC=C)O[Si](C)(C)C)c1ccccc1,ClCCl
R282,L5-3-S133,c1(cc2c(c3-c4c(c(cc5c4cccc5)[Si](c4ccccc4)(c4ccccc4)c4ccccc4)OP(=O)(Oc13)O)cccc2)[Si](c1ccccc1)(c1ccccc1)c1ccccc1.C(=C)(c1c(cc(cc1)OCC#C)O[Si](C)(C)C)c1ccccc1.ClCCl,,99.0,297.15,3.125688001,c1(cc2c(c3-c4c(c(cc5c4cccc5)[Si](c4ccccc4)(c4ccccc4)c4ccccc4)OP(=O)(Oc13)O)cccc2)[Si](c1ccccc1)(c1ccccc1)c1ccccc1,C(=C)(c1c(cc(cc1)OCC#C)O[Si](C)(C)C)c1ccccc1,ClCCl
R283,L5-3-S134,c1(cc2c(c3-c4c(c(cc5c4cccc5)[Si](c4ccccc4)(c4ccccc4)c4ccccc4)OP(=O)(Oc13)O)cccc2)[Si](c1ccccc1)(c1ccccc1)c1ccccc1.C(=C)(c1c(cc2c(c1)OCO2)O[Si](C)(C)C)c1ccccc1.ClCCl,,97.0,297.15,2.470994528,c1(cc2c(c3-c4c(c(cc5c4cccc5)[Si](c4ccccc4)(c4ccccc4)c4ccccc4)OP(=O)(Oc13)O)cccc2)[Si](c1ccccc1)(c1ccccc1)c1ccccc1,C(=C)(c1c(cc2c(c1)OCO2)O[Si](C)(C)C)c1ccccc1,ClCCl
R284,L5-3-S135,c1(cc2c(c3-c4c(c(cc5c4cccc5)[Si](c4ccccc4)(c4ccccc4)c4ccccc4)OP(=O)(Oc13)O)cccc2)[Si](c1ccccc1)(c1ccccc1)c1ccccc1.C(=C)(c1c(cc(cc1)O[Si](C(C)(C)C)(C)C)O)c1ccccc1.ClCCl,,99.0,297.15,3.125688001,c1(cc2c(c3-c4c(c(cc5c4cccc5)[Si](c4ccccc4)(c4ccccc4)c4ccccc4)OP(=O)(Oc13)O)cccc2)[Si](c1ccccc1)(c1ccccc1)c1ccccc1,C(=C)(c1c(cc(cc1)O[Si](C(C)(C)C)(C)C)O)c1ccccc1,ClCCl
R285,L5-3-S136,c1(cc2c(c3-c4c(c(cc5c4cccc5)[Si](c4ccccc4)(c4ccccc4)c4ccccc4)OP(=O)(Oc13)O)cccc2)[Si](c1ccccc1)(c1ccccc1)c1ccccc1.C(=C)(c1ccc(cc1O)OC)c1ccc(cc1)OC.ClCCl,,96.0,297.15,2.298113638,c1(cc2c(c3-c4c(c(cc5c4cccc5)[Si](c4ccccc4)(c4ccccc4)c4ccccc4)OP(=O)(Oc13)O)cccc2)[Si](c1ccccc1)(c1ccccc1)c1ccccc1,C(=C)(c1ccc(cc1O)OC)c1ccc(cc1)OC,ClCCl
R286,L5-3-S137,c1(cc2c(c3-c4c(c(cc5c4cccc5)[Si](c4ccccc4)(c4ccccc4)c4ccccc4)OP(=O)(Oc13)O)cccc2)[Si](c1ccccc1)(c1ccccc1)c1ccccc1.C(=C)(c1ccc(cc1O)OC)c1ccc(cc1)SC.ClCCl,,98.0,297.15,2.713410895,c1(cc2c(c3-c4c(c(cc5c4cccc5)[Si](c4ccccc4)(c4ccccc4)c4ccccc4)OP(=O)(Oc13)O)cccc2)[Si](c1ccccc1)(c1ccccc1)c1ccccc1,C(=C)(c1ccc(cc1O)OC)c1ccc(cc1)SC,ClCCl
R287,L5-3-S138,c1(cc2c(c3-c4c(c(cc5c4cccc5)[Si](c4ccccc4)(c4ccccc4)c4ccccc4)OP(=O)(Oc13)O)cccc2)[Si](c1ccccc1)(c1ccccc1)c1ccccc1.C(=C)(c1ccc(cc1O[Si](C)(C)C)OC)c1ccc(cc1)OC.ClCCl,,98.0,297.15,2.713410895,c1(cc2c(c3-c4c(c(cc5c4cccc5)[Si](c4ccccc4)(c4ccccc4)c4ccccc4)OP(=O)(Oc13)O)cccc2)[Si](c1ccccc1)(c1ccccc1)c1ccccc1,C(=C)(c1ccc(cc1O[Si](C)(C)C)OC)c1ccc(cc1)OC,ClCCl
R288,L5-3-S139,c1(cc2c(c3-c4c(c(cc5c4cccc5)[Si](c4ccccc4)(c4ccccc4)c4ccccc4)OP(=O)(Oc13)O)cccc2)[Si](c1ccccc1)(c1ccccc1)c1ccccc1.C(=C)(c1ccc(cc1O[Si](C)(C)C)OC)c1ccc(cc1)C=C.ClCCl,,98.0,297.15,2.713410895,c1(cc2c(c3-c4c(c(cc5c4cccc5)[Si](c4ccccc4)(c4ccccc4)c4ccccc4)OP(=O)(Oc13)O)cccc2)[Si](c1ccccc1)(c1ccccc1)c1ccccc1,C(=C)(c1ccc(cc1O[Si](C)(C)C)OC)c1ccc(cc1)C=C,ClCCl
R289,L5-3-S140,c1(cc2c(c3-c4c(c(cc5c4cccc5)[Si](c4ccccc4)(c4ccccc4)c4ccccc4)OP(=O)(Oc13)O)cccc2)[Si](c1ccccc1)(c1ccccc1)c1ccccc1.C(=C)(c1ccc(cc1O[Si](C)(C)C)OC)c1ccc(cc1)c1ccccc1.ClCCl,,98.0,297.15,2.713410895,c1(cc2c(c3-c4c(c(cc5c4cccc5)[Si](c4ccccc4)(c4ccccc4)c4ccccc4)OP(=O)(Oc13)O)cccc2)[Si](c1ccccc1)(c1ccccc1)c1ccccc1,C(=C)(c1ccc(cc1O[Si](C)(C)C)OC)c1ccc(cc1)c1ccccc1,ClCCl
R290,L5-3-S141,c1(cc2c(c3-c4c(c(cc5c4cccc5)[Si](c4ccccc4)(c4ccccc4)c4ccccc4)OP(=O)(Oc13)O)cccc2)[Si](c1ccccc1)(c1ccccc1)c1ccccc1.C(=C)(c1ccc(cc1O[Si](C)(C)C)OC)c1ccc(cc1)F.ClCCl,,97.0,297.15,2.470994528,c1(cc2c(c3-c4c(c(cc5c4cccc5)[Si](c4ccccc4)(c4ccccc4)c4ccccc4)OP(=O)(Oc13)O)cccc2)[Si](c1ccccc1)(c1ccccc1)c1ccccc1,C(=C)(c1ccc(cc1O[Si](C)(C)C)OC)c1ccc(cc1)F,ClCCl
R291,L5-3-S142,c1(cc2c(c3-c4c(c(cc5c4cccc5)[Si](c4ccccc4)(c4ccccc4)c4ccccc4)OP(=O)(Oc13)O)cccc2)[Si](c1ccccc1)(c1ccccc1)c1ccccc1.C(=C)(c1ccc(cc1O[Si](C)(C)C)OC)c1c2ccccc2ccc1.ClCCl,,75.0,297.15,1.149056819,c1(cc2c(c3-c4c(c(cc5c4cccc5)[Si](c4ccccc4)(c4ccccc4)c4ccccc4)OP(=O)(Oc13)O)cccc2)[Si](c1ccccc1)(c1ccccc1)c1ccccc1,C(=C)(c1ccc(cc1O[Si](C)(C)C)OC)c1c2ccccc2ccc1,ClCCl
R292,L5-3-S143,c1(cc2c(c3-c4c(c(cc5c4cccc5)[Si](c4ccccc4)(c4ccccc4)c4ccccc4)OP(=O)(Oc13)O)cccc2)[Si](c1ccccc1)(c1ccccc1)c1ccccc1.C(=C)(c1ccccc1O[Si](C)(C)C)c1ccc(cc1)OC.ClCCl,,80.0,297.15,1.297457586,c1(cc2c(c3-c4c(c(cc5c4cccc5)[Si](c4ccccc4)(c4ccccc4)c4ccccc4)OP(=O)(Oc13)O)cccc2)[Si](c1ccccc1)(c1ccccc1)c1ccccc1,C(=C)(c1ccccc1O[Si](C)(C)C)c1ccc(cc1)OC,ClCCl
R293,L5-4-S3,c1(cc2c(c3-c4c(c(cc5c4cccc5)c4c5ccccc5cc5c4C=CC=C5)O[P@@](=O)(Oc13)O)cccc2)c1c2ccccc2cc2c1C=CC=C2.C(=C)(c1ccccc1)NC(=O)C.c1(ccccc1)C,,91.0,323.15,1.961847774,c1(cc2c(c3-c4c(c(cc5c4cccc5)c4c5ccccc5cc5c4C=CC=C5)O[P@@](=O)(Oc13)O)cccc2)c1c2ccccc2cc2c1C=CC=C2,C(=C)(c1ccccc1)NC(=O)C,c1(ccccc1)C
R294,L5-4-S144,c1(cc2c(c3-c4c(c(cc5c4cccc5)c4c5ccccc5cc5c4C=CC=C5)O[P@@](=O)(Oc13)O)cccc2)c1c2ccccc2cc2c1C=CC=C2.C(=C)(c1ccc(cc1)C)NC(=O)C.c1(ccccc1)C,,91.0,323.15,1.961847774,c1(cc2c(c3-c4c(c(cc5c4cccc5)c4c5ccccc5cc5c4C=CC=C5)O[P@@](=O)(Oc13)O)cccc2)c1c2ccccc2cc2c1C=CC=C2,C(=C)(c1ccc(cc1)C)NC(=O)C,c1(ccccc1)C
R295,L5-4-S4,c1(cc2c(c3-c4c(c(cc5c4cccc5)c4c5ccccc5cc5c4C=CC=C5)O[P@@](=O)(Oc13)O)cccc2)c1c2ccccc2cc2c1C=CC=C2.C(=C)(c1ccc(cc1)Cl)NC(=O)C.c1(ccccc1)C,,92.0,323.15,2.04083736,c1(cc2c(c3-c4c(c(cc5c4cccc5)c4c5ccccc5cc5c4C=CC=C5)O[P@@](=O)(Oc13)O)cccc2)c1c2ccccc2cc2c1C=CC=C2,C(=C)(c1ccc(cc1)Cl)NC(=O)C,c1(ccccc1)C
R296,L5-4-S145,c1(cc2c(c3-c4c(c(cc5c4cccc5)c4c5ccccc5cc5c4C=CC=C5)O[P@@](=O)(Oc13)O)cccc2)c1c2ccccc2cc2c1C=CC=C2.C(=C)(c1ccc(cc1)F)NC(=O)C.c1(ccccc1)C,,90.0,323.15,1.890817901,c1(cc2c(c3-c4c(c(cc5c4cccc5)c4c5ccccc5cc5c4C=CC=C5)O[P@@](=O)(Oc13)O)cccc2)c1c2ccccc2cc2c1C=CC=C2,C(=C)(c1ccc(cc1)F)NC(=O)C,c1(ccccc1)C
R297,L5-4-S107,c1(cc2c(c3-c4c(c(cc5c4cccc5)c4c5ccccc5cc5c4C=CC=C5)O[P@@](=O)(Oc13)O)cccc2)c1c2ccccc2cc2c1C=CC=C2.C=C(NC(=O)C)c1ccc(cc1)C(F)(F)F.c1(ccccc1)C,,87.0,323.15,1.712116193,c1(cc2c(c3-c4c(c(cc5c4cccc5)c4c5ccccc5cc5c4C=CC=C5)O[P@@](=O)(Oc13)O)cccc2)c1c2ccccc2cc2c1C=CC=C2,C=C(NC(=O)C)c1ccc(cc1)C(F)(F)F,c1(ccccc1)C
R298,L5-4-S146,c1(cc2c(c3-c4c(c(cc5c4cccc5)c4c5ccccc5cc5c4C=CC=C5)O[P@@](=O)(Oc13)O)cccc2)c1c2ccccc2cc2c1C=CC=C2.C(=C)(c1ccc(cc1)OC)NC(=O)C.c1(ccccc1)C,,95.0,323.15,2.352613857,c1(cc2c(c3-c4c(c(cc5c4cccc5)c4c5ccccc5cc5c4C=CC=C5)O[P@@](=O)(Oc13)O)cccc2)c1c2ccccc2cc2c1C=CC=C2,C(=C)(c1ccc(cc1)OC)NC(=O)C,c1(ccccc1)C
R299,L5-4-S127,c1(cc2c(c3-c4c(c(cc5c4cccc5)c4c5ccccc5cc5c4C=CC=C5)O[P@@](=O)(Oc13)O)cccc2)c1c2ccccc2cc2c1C=CC=C2.C(=C)(c1cc(ccc1)OC)NC(=O)C.c1(ccccc1)C,,74.0,323.15,1.220730632,c1(cc2c(c3-c4c(c(cc5c4cccc5)c4c5ccccc5cc5c4C=CC=C5)O[P@@](=O)(Oc13)O)cccc2)c1c2ccccc2cc2c1C=CC=C2,C(=C)(c1cc(ccc1)OC)NC(=O)C,c1(ccccc1)C
R300,L5-4-S147,c1(cc2c(c3-c4c(c(cc5c4cccc5)c4c5ccccc5cc5c4C=CC=C5)O[P@@](=O)(Oc13)O)cccc2)c1c2ccccc2cc2c1C=CC=C2.C(=C)(NC(=O)C)c1c2ccccc2ccc1.c1(ccccc1)C,,89.0,323.15,1.826224222,c1(cc2c(c3-c4c(c(cc5c4cccc5)c4c5ccccc5cc5c4C=CC=C5)O[P@@](=O)(Oc13)O)cccc2)c1c2ccccc2cc2c1C=CC=C2,C(=C)(NC(=O)C)c1c2ccccc2ccc1,c1(ccccc1)C
R301,L5-4-S148,c1(cc2c(c3-c4c(c(cc5c4cccc5)c4c5ccccc5cc5c4C=CC=C5)O[P@@](=O)(Oc13)O)cccc2)c1c2ccccc2cc2c1C=CC=C2.C(=C)(c1cc2c(cc1)cccc2)NC(=O)C.c1(ccccc1)C,,94.0,323.15,2.232231565,c1(cc2c(c3-c4c(c(cc5c4cccc5)c4c5ccccc5cc5c4C=CC=C5)O[P@@](=O)(Oc13)O)cccc2)c1c2ccccc2cc2c1C=CC=C2,C(=C)(c1cc2c(cc1)cccc2)NC(=O)C,c1(ccccc1)C
R308,L5-8-S149,c1(cc2c(c3-c4c(c(cc5c4cccc5)c4cc(cc(c4)C(F)(F)F)C(F)(F)F)OP(=O)(Oc13)O)cccc2)c1cc(cc(c1)C(F)(F)F)C(F)(F)F.C(=N\c1ccc(cc1)OC)(/c1cc2ccccc2cc1)\C.c1ccccc1,,70.0,333.15,1.148371513,c1(cc2c(c3-c4c(c(cc5c4cccc5)c4cc(cc(c4)C(F)(F)F)C(F)(F)F)OP(=O)(Oc13)O)cccc2)c1cc(cc(c1)C(F)(F)F)C(F)(F)F,C(=N\c1ccc(cc1)OC)(/c1cc2ccccc2cc1)\C,c1ccccc1
R309,L5-8-S150,c1(cc2c(c3-c4c(c(cc5c4cccc5)c4cc(cc(c4)C(F)(F)F)C(F)(F)F)OP(=O)(Oc13)O)cccc2)c1cc(cc(c1)C(F)(F)F)C(F)(F)F.C(=N\c1ccccc1)(/c1cc2ccccc2cc1)\C.c1ccccc1,,68.0,333.15,1.097809712,c1(cc2c(c3-c4c(c(cc5c4cccc5)c4cc(cc(c4)C(F)(F)F)C(F)(F)F)OP(=O)(Oc13)O)cccc2)c1cc(cc(c1)C(F)(F)F)C(F)(F)F,C(=N\c1ccccc1)(/c1cc2ccccc2cc1)\C,c1ccccc1
R310,L5-8-S151,c1(cc2c(c3-c4c(c(cc5c4cccc5)c4cc(cc(c4)C(F)(F)F)C(F)(F)F)OP(=O)(Oc13)O)cccc2)c1cc(cc(c1)C(F)(F)F)C(F)(F)F.C(=N\c1ccccc1)(/c1ccc(cc1)C(F)(F)F)\C.c1ccccc1,,70.0,333.15,1.148371513,c1(cc2c(c3-c4c(c(cc5c4cccc5)c4cc(cc(c4)C(F)(F)F)C(F)(F)F)OP(=O)(Oc13)O)cccc2)c1cc(cc(c1)C(F)(F)F)C(F)(F)F,C(=N\c1ccccc1)(/c1ccc(cc1)C(F)(F)F)\C,c1ccccc1
R311,L5-8-S152,c1(cc2c(c3-c4c(c(cc5c4cccc5)c4cc(cc(c4)C(F)(F)F)C(F)(F)F)OP(=O)(Oc13)O)cccc2)c1cc(cc(c1)C(F)(F)F)C(F)(F)F.C(=N\c1ccc(cc1)OC)(/c1ccc(cc1)C(F)(F)F)\C.c1ccccc1,,72.0,333.15,1.201790624,c1(cc2c(c3-c4c(c(cc5c4cccc5)c4cc(cc(c4)C(F)(F)F)C(F)(F)F)OP(=O)(Oc13)O)cccc2)c1cc(cc(c1)C(F)(F)F)C(F)(F)F,C(=N\c1ccc(cc1)OC)(/c1ccc(cc1)C(F)(F)F)\C,c1ccccc1
R312,L5-8-S8,c1(cc2c(c3-c4c(c(cc5c4cccc5)c4cc(cc(c4)C(F)(F)F)C(F)(F)F)OP(=O)(Oc13)O)cccc2)c1cc(cc(c1)C(F)(F)F)C(F)(F)F.C(=N\c1ccc(cc1)OC)(/c1ccccc1)\C.c1ccccc1,,74.0,333.15,1.258506607,c1(cc2c(c3-c4c(c(cc5c4cccc5)c4cc(cc(c4)C(F)(F)F)C(F)(F)F)OP(=O)(Oc13)O)cccc2)c1cc(cc(c1)C(F)(F)F)C(F)(F)F,C(=N\c1ccc(cc1)OC)(/c1ccccc1)\C,c1ccccc1
R313,L5-8-S7,c1(cc2c(c3-c4c(c(cc5c4cccc5)c4cc(cc(c4)C(F)(F)F)C(F)(F)F)OP(=O)(Oc13)O)cccc2)c1cc(cc(c1)C(F)(F)F)C(F)(F)F.C(=N\c1ccccc1)(/c1ccccc1)\C.c1ccccc1,,72.0,333.15,1.201790624,c1(cc2c(c3-c4c(c(cc5c4cccc5)c4cc(cc(c4)C(F)(F)F)C(F)(F)F)OP(=O)(Oc13)O)cccc2)c1cc(cc(c1)C(F)(F)F)C(F)(F)F,C(=N\c1ccccc1)(/c1ccccc1)\C,c1ccccc1
R314,L5-8-S154,c1(cc2c(c3-c4c(c(cc5c4cccc5)c4cc(cc(c4)C(F)(F)F)C(F)(F)F)OP(=O)(Oc13)O)cccc2)c1cc(cc(c1)C(F)(F)F)C(F)(F)F.C(=N\c1ccc(cc1)OC)(/c1ccccc1F)\C.c1ccccc1,,84.0,333.15,1.616926123,c1(cc2c(c3-c4c(c(cc5c4cccc5)c4cc(cc(c4)C(F)(F)F)C(F)(F)F)OP(=O)(Oc13)O)cccc2)c1cc(cc(c1)C(F)(F)F)C(F)(F)F,C(=N\c1ccc(cc1)OC)(/c1ccccc1F)\C,c1ccccc1
R315,L5-8-S155,c1(cc2c(c3-c4c(c(cc5c4cccc5)c4cc(cc(c4)C(F)(F)F)C(F)(F)F)OP(=O)(Oc13)O)cccc2)c1cc(cc(c1)C(F)(F)F)C(F)(F)F.C(=N\c1ccc(cc1)OC)(/c1ccccc1C)\C.c1ccccc1,,78.0,333.15,1.384149692,c1(cc2c(c3-c4c(c(cc5c4cccc5)c4cc(cc(c4)C(F)(F)F)C(F)(F)F)OP(=O)(Oc13)O)cccc2)c1cc(cc(c1)C(F)(F)F)C(F)(F)F,C(=N\c1ccc(cc1)OC)(/c1ccccc1C)\C,c1ccccc1
R316,L5-8-S156,c1(cc2c(c3-c4c(c(cc5c4cccc5)c4cc(cc(c4)C(F)(F)F)C(F)(F)F)OP(=O)(Oc13)O)cccc2)c1cc(cc(c1)C(F)(F)F)C(F)(F)F.C(=N\c1ccc(cc1)OC)(/c1ccc(cc1C)C)\C.c1ccccc1,,78.0,333.15,1.384149692,c1(cc2c(c3-c4c(c(cc5c4cccc5)c4cc(cc(c4)C(F)(F)F)C(F)(F)F)OP(=O)(Oc13)O)cccc2)c1cc(cc(c1)C(F)(F)F)C(F)(F)F,C(=N\c1ccc(cc1)OC)(/c1ccc(cc1C)C)\C,c1ccccc1
R317,L5-8-S157,c1(cc2c(c3-c4c(c(cc5c4cccc5)c4cc(cc(c4)C(F)(F)F)C(F)(F)F)OP(=O)(Oc13)O)cccc2)c1cc(cc(c1)C(F)(F)F)C(F)(F)F.C(=N\c1ccc(cc1)OC)(/c1ccc(cc1)c1ccccc1)\C.c1ccccc1,,74.0,333.15,1.258506607,c1(cc2c(c3-c4c(c(cc5c4cccc5)c4cc(cc(c4)C(F)(F)F)C(F)(F)F)OP(=O)(Oc13)O)cccc2)c1cc(cc(c1)C(F)(F)F)C(F)(F)F,C(=N\c1ccc(cc1)OC)(/c1ccc(cc1)c1ccccc1)\C,c1ccccc1
R318,L5-8-S158,c1(cc2c(c3-c4c(c(cc5c4cccc5)c4cc(cc(c4)C(F)(F)F)C(F)(F)F)OP(=O)(Oc13)O)cccc2)c1cc(cc(c1)C(F)(F)F)C(F)(F)F.C(=N\c1ccc(cc1)OC)(/c1ccc(cc1)OC)\C.c1ccccc1,,72.0,333.15,1.201790624,c1(cc2c(c3-c4c(c(cc5c4cccc5)c4cc(cc(c4)C(F)(F)F)C(F)(F)F)OP(=O)(Oc13)O)cccc2)c1cc(cc(c1)C(F)(F)F)C(F)(F)F,C(=N\c1ccc(cc1)OC)(/c1ccc(cc1)OC)\C,c1ccccc1
R319,L5-8-S159,c1(cc2c(c3-c4c(c(cc5c4cccc5)c4cc(cc(c4)C(F)(F)F)C(F)(F)F)OP(=O)(Oc13)O)cccc2)c1cc(cc(c1)C(F)(F)F)C(F)(F)F.C(=N\c1ccc(cc1)OC)(/c1cccc(c1)Br)\C.c1ccccc1,,72.0,333.15,1.201790624,c1(cc2c(c3-c4c(c(cc5c4cccc5)c4cc(cc(c4)C(F)(F)F)C(F)(F)F)OP(=O)(Oc13)O)cccc2)c1cc(cc(c1)C(F)(F)F)C(F)(F)F,C(=N\c1ccc(cc1)OC)(/c1cccc(c1)Br)\C,c1ccccc1
R320,L5-8-S160,c1(cc2c(c3-c4c(c(cc5c4cccc5)c4cc(cc(c4)C(F)(F)F)C(F)(F)F)OP(=O)(Oc13)O)cccc2)c1cc(cc(c1)C(F)(F)F)C(F)(F)F.C(=N\c1ccc(cc1)OC)(/c1ccccc1C(F)(F)F)\C.c1ccccc1,,82.0,333.15,1.53171384,c1(cc2c(c3-c4c(c(cc5c4cccc5)c4cc(cc(c4)C(F)(F)F)C(F)(F)F)OP(=O)(Oc13)O)cccc2)c1cc(cc(c1)C(F)(F)F)C(F)(F)F,C(=N\c1ccc(cc1)OC)(/c1ccccc1C(F)(F)F)\C,c1ccccc1
R327,L5-10-S154,c1(cc2c(c3-c4c(c(cc5c4cccc5)c4c(cc(cc4C(C)C)C(C)C)C(C)C)OP(=O)(Oc13)O)cccc2)c1c(cc(cc1C(C)C)C(C)C)C(C)C.C(=N\c1ccc(cc1)OC)(/c1ccccc1F)\C.c1(ccccc1)C,,85.0,308.15,1.538429607,c1(cc2c(c3-c4c(c(cc5c4cccc5)c4c(cc(cc4C(C)C)C(C)C)C(C)C)OP(=O)(Oc13)O)cccc2)c1c(cc(cc1C(C)C)C(C)C)C(C)C,C(=N\c1ccc(cc1)OC)(/c1ccccc1F)\C,c1(ccccc1)C
R328,L5-10-S161,c1(cc2c(c3-c4c(c(cc5c4cccc5)c4c(cc(cc4C(C)C)C(C)C)C(C)C)OP(=O)(Oc13)O)cccc2)c1c(cc(cc1C(C)C)C(C)C)C(C)C.C(=N\c1ccc(cc1)OC)(/c1ccccc1OC)\C.c1(ccccc1)C,,80.0,308.15,1.345487313,c1(cc2c(c3-c4c(c(cc5c4cccc5)c4c(cc(cc4C(C)C)C(C)C)C(C)C)OP(=O)(Oc13)O)cccc2)c1c(cc(cc1C(C)C)C(C)C)C(C)C,C(=N\c1ccc(cc1)OC)(/c1ccccc1OC)\C,c1(ccccc1)C
R329,L5-10-S155,c1(cc2c(c3-c4c(c(cc5c4cccc5)c4c(cc(cc4C(C)C)C(C)C)C(C)C)OP(=O)(Oc13)O)cccc2)c1c(cc(cc1C(C)C)C(C)C)C(C)C.C(=N\c1ccc(cc1)OC)(/c1ccccc1C)\C.c1(ccccc1)C,,93.0,308.15,2.031055682,c1(cc2c(c3-c4c(c(cc5c4cccc5)c4c(cc(cc4C(C)C)C(C)C)C(C)C)OP(=O)(Oc13)O)cccc2)c1c(cc(cc1C(C)C)C(C)C)C(C)C,C(=N\c1ccc(cc1)OC)(/c1ccccc1C)\C,c1(ccccc1)C
R330,L5-10-S156,c1(cc2c(c3-c4c(c(cc5c4cccc5)c4c(cc(cc4C(C)C)C(C)C)C(C)C)OP(=O)(Oc13)O)cccc2)c1c(cc(cc1C(C)C)C(C)C)C(C)C.C(=N\c1ccc(cc1)OC)(/c1ccc(cc1C)C)\C.c1(ccccc1)C,,92.0,308.15,1.946105625,c1(cc2c(c3-c4c(c(cc5c4cccc5)c4c(cc(cc4C(C)C)C(C)C)C(C)C)OP(=O)(Oc13)O)cccc2)c1c(cc(cc1C(C)C)C(C)C)C(C)C,C(=N\c1ccc(cc1)OC)(/c1ccc(cc1C)C)\C,c1(ccccc1)C
R331,L5-10-S162,c1(cc2c(c3-c4c(c(cc5c4cccc5)c4c(cc(cc4C(C)C)C(C)C)C(C)C)OP(=O)(Oc13)O)cccc2)c1c(cc(cc1C(C)C)C(C)C)C(C)C.C(=N\c1ccc(cc1)OC)(/c1ccc(cc1)C)\C.c1(ccccc1)C,,88.0,308.15,1.684923741,c1(cc2c(c3-c4c(c(cc5c4cccc5)c4c(cc(cc4C(C)C)C(C)C)C(C)C)OP(=O)(Oc13)O)cccc2)c1c(cc(cc1C(C)C)C(C)C)C(C)C,C(=N\c1ccc(cc1)OC)(/c1ccc(cc1)C)\C,c1(ccccc1)C
R332,L5-10-S163,c1(cc2c(c3-c4c(c(cc5c4cccc5)c4c(cc(cc4C(C)C)C(C)C)C(C)C)OP(=O)(Oc13)O)cccc2)c1c(cc(cc1C(C)C)C(C)C)C(C)C.C(=N\c1ccc(cc1)OC)(/c1ccc(cc1)N(=O)=O)\C.c1(ccccc1)C,,80.0,308.15,1.345487313,c1(cc2c(c3-c4c(c(cc5c4cccc5)c4c(cc(cc4C(C)C)C(C)C)C(C)C)OP(=O)(Oc13)O)cccc2)c1c(cc(cc1C(C)C)C(C)C)C(C)C,C(=N\c1ccc(cc1)OC)(/c1ccc(cc1)N(=O)=O)\C,c1(ccccc1)C
R333,L5-10-S164,c1(cc2c(c3-c4c(c(cc5c4cccc5)c4c(cc(cc4C(C)C)C(C)C)C(C)C)OP(=O)(Oc13)O)cccc2)c1c(cc(cc1C(C)C)C(C)C)C(C)C.C(=N\c1ccc(cc1)OC)(/c1cc(c(cc1)OC)OC)\C.c1(ccccc1)C,,89.0,308.15,1.741454414,c1(cc2c(c3-c4c(c(cc5c4cccc5)c4c(cc(cc4C(C)C)C(C)C)C(C)C)OP(=O)(Oc13)O)cccc2)c1c(cc(cc1C(C)C)C(C)C)C(C)C,C(=N\c1ccc(cc1)OC)(/c1cc(c(cc1)OC)OC)\C,c1(ccccc1)C
R334,L5-10-S165,c1(cc2c(c3-c4c(c(cc5c4cccc5)c4c(cc(cc4C(C)C)C(C)C)C(C)C)OP(=O)(Oc13)O)cccc2)c1c(cc(cc1C(C)C)C(C)C)C(C)C.C(=N\c1ccc(cc1)OC)(/c1ccc(cc1)C#N)\C.c1(ccccc1)C,,80.0,308.15,1.345487313,c1(cc2c(c3-c4c(c(cc5c4cccc5)c4c(cc(cc4C(C)C)C(C)C)C(C)C)OP(=O)(Oc13)O)cccc2)c1c(cc(cc1C(C)C)C(C)C)C(C)C,C(=N\c1ccc(cc1)OC)(/c1ccc(cc1)C#N)\C,c1(ccccc1)C
R335,L5-10-S149,c1(cc2c(c3-c4c(c(cc5c4cccc5)c4c(cc(cc4C(C)C)C(C)C)C(C)C)OP(=O)(Oc13)O)cccc2)c1c(cc(cc1C(C)C)C(C)C)C(C)C.C(=N\c1ccc(cc1)OC)(/c1cc2ccccc2cc1)\C.c1(ccccc1)C,,84.0,308.15,1.495589929,c1(cc2c(c3-c4c(c(cc5c4cccc5)c4c(cc(cc4C(C)C)C(C)C)C(C)C)OP(=O)(Oc13)O)cccc2)c1c(cc(cc1C(C)C)C(C)C)C(C)C,C(=N\c1ccc(cc1)OC)(/c1cc2ccccc2cc1)\C,c1(ccccc1)C
R336,L5-10-S8,c1(cc2c(c3-c4c(c(cc5c4cccc5)c4c(cc(cc4C(C)C)C(C)C)C(C)C)OP(=O)(Oc13)O)cccc2)c1c(cc(cc1C(C)C)C(C)C)C(C)C.C(=N\c1ccc(cc1)OC)(/c1ccccc1)\C.c1(ccccc1)C,,88.0,308.15,1.684923741,c1(cc2c(c3-c4c(c(cc5c4cccc5)c4c(cc(cc4C(C)C)C(C)C)C(C)C)OP(=O)(Oc13)O)cccc2)c1c(cc(cc1C(C)C)C(C)C)C(C)C,C(=N\c1ccc(cc1)OC)(/c1ccccc1)\C,c1(ccccc1)C
R337,L5-10-S166,c1(cc2c(c3-c4c(c(cc5c4cccc5)c4c(cc(cc4C(C)C)C(C)C)C(C)C)OP(=O)(Oc13)O)cccc2)c1c(cc(cc1C(C)C)C(C)C)C(C)C.C(=N\c1ccc(cc1)OC)(/C(C)C)\C.c1(ccccc1)C,,90.0,308.15,1.80304978,c1(cc2c(c3-c4c(c(cc5c4cccc5)c4c(cc(cc4C(C)C)C(C)C)C(C)C)OP(=O)(Oc13)O)cccc2)c1c(cc(cc1C(C)C)C(C)C)C(C)C,C(=N\c1ccc(cc1)OC)(/C(C)C)\C,c1(ccccc1)C
R345,L5-3-S168,c1(cc2c(c3-c4c(c(cc5c4cccc5)[Si](c4ccccc4)(c4ccccc4)c4ccccc4)OP(=O)(Oc13)O)cccc2)[Si](c1ccccc1)(c1ccccc1)c1ccccc1.C(=N)(c1ccccc1O)c1ccc(cc1)C.c1ccccc1,,91.0,323.15,1.961847774,c1(cc2c(c3-c4c(c(cc5c4cccc5)[Si](c4ccccc4)(c4ccccc4)c4ccccc4)OP(=O)(Oc13)O)cccc2)[Si](c1ccccc1)(c1ccccc1)c1ccccc1,C(=N)(c1ccccc1O)c1ccc(cc1)C,c1ccccc1
R346,L5-3-S169,c1(cc2c(c3-c4c(c(cc5c4cccc5)[Si](c4ccccc4)(c4ccccc4)c4ccccc4)OP(=O)(Oc13)O)cccc2)[Si](c1ccccc1)(c1ccccc1)c1ccccc1.C(=N)(c1ccccc1O)c1ccc(cc1)c1ccccc1.c1ccccc1,,97.0,323.15,2.687201352,c1(cc2c(c3-c4c(c(cc5c4cccc5)[Si](c4ccccc4)(c4ccccc4)c4ccccc4)OP(=O)(Oc13)O)cccc2)[Si](c1ccccc1)(c1ccccc1)c1ccccc1,C(=N)(c1ccccc1O)c1ccc(cc1)c1ccccc1,c1ccccc1
R347,L5-3-S170,c1(cc2c(c3-c4c(c(cc5c4cccc5)[Si](c4ccccc4)(c4ccccc4)c4ccccc4)OP(=O)(Oc13)O)cccc2)[Si](c1ccccc1)(c1ccccc1)c1ccccc1.C(=N)(c1ccccc1O)c1ccc(cc1)Cl.c1ccccc1,,93.0,323.15,2.129922582,c1(cc2c(c3-c4c(c(cc5c4cccc5)[Si](c4ccccc4)(c4ccccc4)c4ccccc4)OP(=O)(Oc13)O)cccc2)[Si](c1ccccc1)(c1ccccc1)c1ccccc1,C(=N)(c1ccccc1O)c1ccc(cc1)Cl,c1ccccc1
R348,L5-3-S171,c1(cc2c(c3-c4c(c(cc5c4cccc5)[Si](c4ccccc4)(c4ccccc4)c4ccccc4)OP(=O)(Oc13)O)cccc2)[Si](c1ccccc1)(c1ccccc1)c1ccccc1.C(=N)(c1ccccc1O)c1ccc(cc1)Oc1ccccc1.c1ccccc1,,93.0,323.15,2.129922582,c1(cc2c(c3-c4c(c(cc5c4cccc5)[Si](c4ccccc4)(c4ccccc4)c4ccccc4)OP(=O)(Oc13)O)cccc2)[Si](c1ccccc1)(c1ccccc1)c1ccccc1,C(=N)(c1ccccc1O)c1ccc(cc1)Oc1ccccc1,c1ccccc1
R349,L5-3-S172,c1(cc2c(c3-c4c(c(cc5c4cccc5)[Si](c4ccccc4)(c4ccccc4)c4ccccc4)OP(=O)(Oc13)O)cccc2)[Si](c1ccccc1)(c1ccccc1)c1ccccc1.C(=N)(c1ccccc1O)c1ccc(cc1)N(=O)=O.c1ccccc1,,93.0,323.15,2.129922582,c1(cc2c(c3-c4c(c(cc5c4cccc5)[Si](c4ccccc4)(c4ccccc4)c4ccccc4)OP(=O)(Oc13)O)cccc2)[Si](c1ccccc1)(c1ccccc1)c1ccccc1,C(=N)(c1ccccc1O)c1ccc(cc1)N(=O)=O,c1ccccc1
R350,L5-3-S173,c1(cc2c(c3-c4c(c(cc5c4cccc5)[Si](c4ccccc4)(c4ccccc4)c4ccccc4)OP(=O)(Oc13)O)cccc2)[Si](c1ccccc1)(c1ccccc1)c1ccccc1.C(=N)(c1ccccc1O)c1ccc(cc1)C(=O)OC.c1ccccc1,,98.0,323.15,2.950828641,c1(cc2c(c3-c4c(c(cc5c4cccc5)[Si](c4ccccc4)(c4ccccc4)c4ccccc4)OP(=O)(Oc13)O)cccc2)[Si](c1ccccc1)(c1ccccc1)c1ccccc1,C(=N)(c1ccccc1O)c1ccc(cc1)C(=O)OC,c1ccccc1
R351,L5-3-S174,c1(cc2c(c3-c4c(c(cc5c4cccc5)[Si](c4ccccc4)(c4ccccc4)c4ccccc4)OP(=O)(Oc13)O)cccc2)[Si](c1ccccc1)(c1ccccc1)c1ccccc1.C(=N)(c1ccccc1O)c1cccc(c1)C.c1ccccc1,,92.0,323.15,2.04083736,c1(cc2c(c3-c4c(c(cc5c4cccc5)[Si](c4ccccc4)(c4ccccc4)c4ccccc4)OP(=O)(Oc13)O)cccc2)[Si](c1ccccc1)(c1ccccc1)c1ccccc1,C(=N)(c1ccccc1O)c1cccc(c1)C,c1ccccc1
R352,L5-3-S175,c1(cc2c(c3-c4c(c(cc5c4cccc5)[Si](c4ccccc4)(c4ccccc4)c4ccccc4)OP(=O)(Oc13)O)cccc2)[Si](c1ccccc1)(c1ccccc1)c1ccccc1.C(=N)(c1ccccc1O)c1cccc(c1)OC.c1ccccc1,,90.0,323.15,1.890817901,c1(cc2c(c3-c4c(c(cc5c4cccc5)[Si](c4ccccc4)(c4ccccc4)c4ccccc4)OP(=O)(Oc13)O)cccc2)[Si](c1ccccc1)(c1ccccc1)c1ccccc1,C(=N)(c1ccccc1O)c1cccc(c1)OC,c1ccccc1
R353,L5-3-S176,c1(cc2c(c3-c4c(c(cc5c4cccc5)[Si](c4ccccc4)(c4ccccc4)c4ccccc4)OP(=O)(Oc13)O)cccc2)[Si](c1ccccc1)(c1ccccc1)c1ccccc1.C(=N)(c1ccccc1O)c1cccc(c1)N(=O)=O.c1ccccc1,,92.0,323.15,2.04083736,c1(cc2c(c3-c4c(c(cc5c4cccc5)[Si](c4ccccc4)(c4ccccc4)c4ccccc4)OP(=O)(Oc13)O)cccc2)[Si](c1ccccc1)(c1ccccc1)c1ccccc1,C(=N)(c1ccccc1O)c1cccc(c1)N(=O)=O,c1ccccc1
R354,L5-3-S177,c1(cc2c(c3-c4c(c(cc5c4cccc5)[Si](c4ccccc4)(c4ccccc4)c4ccccc4)OP(=O)(Oc13)O)cccc2)[Si](c1ccccc1)(c1ccccc1)c1ccccc1.C(=N)(c1ccccc1O)c1ccccc1F.c1ccccc1,,91.0,323.15,1.961847774,c1(cc2c(c3-c4c(c(cc5c4cccc5)[Si](c4ccccc4)(c4ccccc4)c4ccccc4)OP(=O)(Oc13)O)cccc2)[Si](c1ccccc1)(c1ccccc1)c1ccccc1,C(=N)(c1ccccc1O)c1ccccc1F,c1ccccc1
R355,L5-3-S178,c1(cc2c(c3-c4c(c(cc5c4cccc5)[Si](c4ccccc4)(c4ccccc4)c4ccccc4)OP(=O)(Oc13)O)cccc2)[Si](c1ccccc1)(c1ccccc1)c1ccccc1.C(=N)(c1cccc(c1O)C)c1ccccc1.c1ccccc1,,92.0,323.15,2.04083736,c1(cc2c(c3-c4c(c(cc5c4cccc5)[Si](c4ccccc4)(c4ccccc4)c4ccccc4)OP(=O)(Oc13)O)cccc2)[Si](c1ccccc1)(c1ccccc1)c1ccccc1,C(=N)(c1cccc(c1O)C)c1ccccc1,c1ccccc1
R356,L5-3-S179,c1(cc2c(c3-c4c(c(cc5c4cccc5)[Si](c4ccccc4)(c4ccccc4)c4ccccc4)OP(=O)(Oc13)O)cccc2)[Si](c1ccccc1)(c1ccccc1)c1ccccc1.C(=N)(c1ccc(cc1O)C)c1ccccc1.c1ccccc1,,98.0,323.15,2.950828641,c1(cc2c(c3-c4c(c(cc5c4cccc5)[Si](c4ccccc4)(c4ccccc4)c4ccccc4)OP(=O)(Oc13)O)cccc2)[Si](c1ccccc1)(c1ccccc1)c1ccccc1,C(=N)(c1ccc(cc1O)C)c1ccccc1,c1ccccc1
R357,L5-3-S180,c1(cc2c(c3-c4c(c(cc5c4cccc5)[Si](c4ccccc4)(c4ccccc4)c4ccccc4)OP(=O)(Oc13)O)cccc2)[Si](c1ccccc1)(c1ccccc1)c1ccccc1.C(=N)(c1ccc(cc1O)c1ccccc1)c1ccccc1.c1ccccc1,,99.0,323.15,3.399179127,c1(cc2c(c3-c4c(c(cc5c4cccc5)[Si](c4ccccc4)(c4ccccc4)c4ccccc4)OP(=O)(Oc13)O)cccc2)[Si](c1ccccc1)(c1ccccc1)c1ccccc1,C(=N)(c1ccc(cc1O)c1ccccc1)c1ccccc1,c1ccccc1
R358,L5-3-S181,c1(cc2c(c3-c4c(c(cc5c4cccc5)[Si](c4ccccc4)(c4ccccc4)c4ccccc4)OP(=O)(Oc13)O)cccc2)[Si](c1ccccc1)(c1ccccc1)c1ccccc1.C(=N)(c1ccc(cc1O)F)c1ccccc1.c1ccccc1,,99.0,323.15,3.399179127,c1(cc2c(c3-c4c(c(cc5c4cccc5)[Si](c4ccccc4)(c4ccccc4)c4ccccc4)OP(=O)(Oc13)O)cccc2)[Si](c1ccccc1)(c1ccccc1)c1ccccc1,C(=N)(c1ccc(cc1O)F)c1ccccc1,c1ccccc1
R359,L5-3-S182,c1(cc2c(c3-c4c(c(cc5c4cccc5)[Si](c4ccccc4)(c4ccccc4)c4ccccc4)OP(=O)(Oc13)O)cccc2)[Si](c1ccccc1)(c1ccccc1)c1ccccc1.C(=N)(c1cc(ccc1O)C)c1ccccc1.c1ccccc1,,88.0,323.15,1.766941772,c1(cc2c(c3-c4c(c(cc5c4cccc5)[Si](c4ccccc4)(c4ccccc4)c4ccccc4)OP(=O)(Oc13)O)cccc2)[Si](c1ccccc1)(c1ccccc1)c1ccccc1,C(=N)(c1cc(ccc1O)C)c1ccccc1,c1ccccc1
R360,L5-3-S13,c1(cc2c(c3-c4c(c(cc5c4cccc5)[Si](c4ccccc4)(c4ccccc4)c4ccccc4)OP(=O)(Oc13)O)cccc2)[Si](c1ccccc1)(c1ccccc1)c1ccccc1.C(=N)(c1ccccc1)c1c(ccc(c1)c1ccccc1)O.c1ccccc1,,93.0,323.15,2.129922582,c1(cc2c(c3-c4c(c(cc5c4cccc5)[Si](c4ccccc4)(c4ccccc4)c4ccccc4)OP(=O)(Oc13)O)cccc2)[Si](c1ccccc1)(c1ccccc1)c1ccccc1,C(=N)(c1ccccc1)c1c(ccc(c1)c1ccccc1)O,c1ccccc1
R361,L5-3-S183,c1(cc2c(c3-c4c(c(cc5c4cccc5)[Si](c4ccccc4)(c4ccccc4)c4ccccc4)OP(=O)(Oc13)O)cccc2)[Si](c1ccccc1)(c1ccccc1)c1ccccc1.C(=N)(c1cc(ccc1O)Br)c1ccccc1.c1ccccc1,,96.0,323.15,2.499193748,c1(cc2c(c3-c4c(c(cc5c4cccc5)[Si](c4ccccc4)(c4ccccc4)c4ccccc4)OP(=O)(Oc13)O)cccc2)[Si](c1ccccc1)(c1ccccc1)c1ccccc1,C(=N)(c1cc(ccc1O)Br)c1ccccc1,c1ccccc1
R362,L5-3-S184,c1(cc2c(c3-c4c(c(cc5c4cccc5)[Si](c4ccccc4)(c4ccccc4)c4ccccc4)OP(=O)(Oc13)O)cccc2)[Si](c1ccccc1)(c1ccccc1)c1ccccc1.C(=N)(c1cc(ccc1O)OC)c1ccccc1.c1ccccc1,,90.0,323.15,1.890817901,c1(cc2c(c3-c4c(c(cc5c4cccc5)[Si](c4ccccc4)(c4ccccc4)c4ccccc4)OP(=O)(Oc13)O)cccc2)[Si](c1ccccc1)(c1ccccc1)c1ccccc1,C(=N)(c1cc(ccc1O)OC)c1ccccc1,c1ccccc1
R363,L5-3-S185,c1(cc2c(c3-c4c(c(cc5c4cccc5)[Si](c4ccccc4)(c4ccccc4)c4ccccc4)OP(=O)(Oc13)O)cccc2)[Si](c1ccccc1)(c1ccccc1)c1ccccc1.C(=N)(c1cc(ccc1O)N(=O)=O)c1ccccc1.c1ccccc1,,99.0,323.15,3.399179127,c1(cc2c(c3-c4c(c(cc5c4cccc5)[Si](c4ccccc4)(c4ccccc4)c4ccccc4)OP(=O)(Oc13)O)cccc2)[Si](c1ccccc1)(c1ccccc1)c1ccccc1,C(=N)(c1cc(ccc1O)N(=O)=O)c1ccccc1,c1ccccc1
R364,L5-3-S186,c1(cc2c(c3-c4c(c(cc5c4cccc5)[Si](c4ccccc4)(c4ccccc4)c4ccccc4)OP(=O)(Oc13)O)cccc2)[Si](c1ccccc1)(c1ccccc1)c1ccccc1.C(=N)(c1cc(ccc1O)C(=O)c1ccccc1)c1ccccc1.c1ccccc1,,93.0,323.15,2.129922582,c1(cc2c(c3-c4c(c(cc5c4cccc5)[Si](c4ccccc4)(c4ccccc4)c4ccccc4)OP(=O)(Oc13)O)cccc2)[Si](c1ccccc1)(c1ccccc1)c1ccccc1,C(=N)(c1cc(ccc1O)C(=O)c1ccccc1)c1ccccc1,c1ccccc1
R365,L5-3-S187,c1(cc2c(c3-c4c(c(cc5c4cccc5)[Si](c4ccccc4)(c4ccccc4)c4ccccc4)OP(=O)(Oc13)O)cccc2)[Si](c1ccccc1)(c1ccccc1)c1ccccc1.C(=N)(c1ccc(cc1O)C)c1ccc(cc1)Cl.c1ccccc1,,96.0,323.15,2.499193748,c1(cc2c(c3-c4c(c(cc5c4cccc5)[Si](c4ccccc4)(c4ccccc4)c4ccccc4)OP(=O)(Oc13)O)cccc2)[Si](c1ccccc1)(c1ccccc1)c1ccccc1,C(=N)(c1ccc(cc1O)C)c1ccc(cc1)Cl,c1ccccc1
R366,L5-3-S188,c1(cc2c(c3-c4c(c(cc5c4cccc5)[Si](c4ccccc4)(c4ccccc4)c4ccccc4)OP(=O)(Oc13)O)cccc2)[Si](c1ccccc1)(c1ccccc1)c1ccccc1.C(=N)(c1cc(ccc1O)C)c1ccc(cc1)c1ccccc1.c1ccccc1,,98.0,323.15,2.950828641,c1(cc2c(c3-c4c(c(cc5c4cccc5)[Si](c4ccccc4)(c4ccccc4)c4ccccc4)OP(=O)(Oc13)O)cccc2)[Si](c1ccccc1)(c1ccccc1)c1ccccc1,C(=N)(c1cc(ccc1O)C)c1ccc(cc1)c1ccccc1,c1ccccc1
R367,L5-3-S189,c1(cc2c(c3-c4c(c(cc5c4cccc5)[Si](c4ccccc4)(c4ccccc4)c4ccccc4)OP(=O)(Oc13)O)cccc2)[Si](c1ccccc1)(c1ccccc1)c1ccccc1.C(=N)(c1cc(ccc1O)Br)c1cccc(c1)C.c1ccccc1,,93.0,323.15,2.129922582,c1(cc2c(c3-c4c(c(cc5c4cccc5)[Si](c4ccccc4)(c4ccccc4)c4ccccc4)OP(=O)(Oc13)O)cccc2)[Si](c1ccccc1)(c1ccccc1)c1ccccc1,C(=N)(c1cc(ccc1O)Br)c1cccc(c1)C,c1ccccc1
R368,L5-3-S190,c1(cc2c(c3-c4c(c(cc5c4cccc5)[Si](c4ccccc4)(c4ccccc4)c4ccccc4)OP(=O)(Oc13)O)cccc2)[Si](c1ccccc1)(c1ccccc1)c1ccccc1.C(=N)(c1ccccc1O)c1cc2c(cc1)cccc2.c1ccccc1,,99.0,323.15,3.399179127,c1(cc2c(c3-c4c(c(cc5c4cccc5)[Si](c4ccccc4)(c4ccccc4)c4ccccc4)OP(=O)(Oc13)O)cccc2)[Si](c1ccccc1)(c1ccccc1)c1ccccc1,C(=N)(c1ccccc1O)c1cc2c(cc1)cccc2,c1ccccc1
R369,L2'-1-S1,CN(C)P1Oc2ccc3c(CCCC3)c2c4c(CCCC5)c5ccc4O1.C=C(C(OC)=O)CC(OC)=O.ClCCl,out of bag,90.0,297.15,1.73868649,CN(C)P1Oc2ccc3c(CCCC3)c2c4c(CCCC5)c5ccc4O1,C=C(C(OC)=O)CC(OC)=O,ClCCl
R370,L2'-2-S1,CCN(CC)P1Oc2ccc3c(CCCC3)c2c4c(CCCC5)c5ccc4O1.C=C(C(OC)=O)CC(OC)=O.ClCCl,out of bag,81.0,297.15,1.331017661,CCN(CC)P1Oc2ccc3c(CCCC3)c2c4c(CCCC5)c5ccc4O1,C=C(C(OC)=O)CC(OC)=O,ClCCl
R371,L2'-3-S1,c12c(CCCC2)c3c(OP(N4CCCCC4)Oc5ccc6c(CCCC6)c53)cc1.C=C(C(OC)=O)CC(OC)=O.ClCCl,out of bag,99.0,297.15,3.125688001,c12c(CCCC2)c3c(OP(N4CCCCC4)Oc5ccc6c(CCCC6)c53)cc1,C=C(C(OC)=O)CC(OC)=O,ClCCl
R372,L2'-4-S1,c12c(CCCC2)c3c(OP(N4CCCCCC4)Oc5ccc6c(CCCC6)c53)cc1.C=C(C(OC)=O)CC(OC)=O.ClCCl,out of bag,90.0,297.15,1.73868649,c12c(CCCC2)c3c(OP(N4CCCCCC4)Oc5ccc6c(CCCC6)c53)cc1,C=C(C(OC)=O)CC(OC)=O,ClCCl
R373,L2'-5-S1,c12c(CCCC2)c3c(OP(N4CCOCC4)Oc5ccc6c(CCCC6)c53)cc1.C=C(C(OC)=O)CC(OC)=O.ClCCl,out of bag,98.0,297.15,2.713410895,c12c(CCCC2)c3c(OP(N4CCOCC4)Oc5ccc6c(CCCC6)c53)cc1,C=C(C(OC)=O)CC(OC)=O,ClCCl
R374,L2'-6-S1,c12c(CCCC2)c3c(OP(N4CCN(C5=CC=CC=C5)CC4)Oc6ccc7c(CCCC7)c63)cc1.C=C(C(OC)=O)CC(OC)=O.ClCCl,out of bag,99.0,297.15,3.125688001,c12c(CCCC2)c3c(OP(N4CCN(C5=CC=CC=C5)CC4)Oc6ccc7c(CCCC7)c63)cc1,C=C(C(OC)=O)CC(OC)=O,ClCCl
R375,L2'-7-S1,c12c(CCCC2)c3c(OP(N4CC(C=CC=C5)=C5CC4)Oc6ccc7c(CCCC7)c63)cc1.C=C(C(OC)=O)CC(OC)=O.ClCCl,out of bag,95.0,297.15,2.163327271,c12c(CCCC2)c3c(OP(N4CC(C=CC=C5)=C5CC4)Oc6ccc7c(CCCC7)c63)cc1,C=C(C(OC)=O)CC(OC)=O,ClCCl
R376,L2'-1-S2,CN(C)P1Oc2ccc3c(CCCC3)c2c4c(CCCC5)c5ccc4O1.C=C(C(OC)=O)NC(C)=O.ClCCl,out of bag,94.0,297.15,2.052630696,CN(C)P1Oc2ccc3c(CCCC3)c2c4c(CCCC5)c5ccc4O1,C=C(C(OC)=O)NC(C)=O,ClCCl
R377,L2'-2-S2,CCN(CC)P1Oc2ccc3c(CCCC3)c2c4c(CCCC5)c5ccc4O1.C=C(C(OC)=O)NC(C)=O.ClCCl,out of bag,84.0,297.15,1.442202004,CCN(CC)P1Oc2ccc3c(CCCC3)c2c4c(CCCC5)c5ccc4O1,C=C(C(OC)=O)NC(C)=O,ClCCl
R378,L2'-3-S2,c12c(CCCC2)c3c(OP(N4CCCCC4)Oc5ccc6c(CCCC6)c53)cc1.C=C(C(OC)=O)NC(C)=O.ClCCl,out of bag,97.0,297.15,2.470994528,c12c(CCCC2)c3c(OP(N4CCCCC4)Oc5ccc6c(CCCC6)c53)cc1,C=C(C(OC)=O)NC(C)=O,ClCCl
R379,L2'-4-S2,c12c(CCCC2)c3c(OP(N4CCCCCC4)Oc5ccc6c(CCCC6)c53)cc1.C=C(C(OC)=O)NC(C)=O.ClCCl,out of bag,87.0,297.15,1.574362763,c12c(CCCC2)c3c(OP(N4CCCCCC4)Oc5ccc6c(CCCC6)c53)cc1,C=C(C(OC)=O)NC(C)=O,ClCCl
R380,L2'-5-S2,c12c(CCCC2)c3c(OP(N4CCOCC4)Oc5ccc6c(CCCC6)c53)cc1.C=C(C(OC)=O)NC(C)=O.ClCCl,out of bag,95.0,297.15,2.163327271,c12c(CCCC2)c3c(OP(N4CCOCC4)Oc5ccc6c(CCCC6)c53)cc1,C=C(C(OC)=O)NC(C)=O,ClCCl
R381,L2'-6-S2,c12c(CCCC2)c3c(OP(N4CCN(C5=CC=CC=C5)CC4)Oc6ccc7c(CCCC7)c63)cc1.C=C(C(OC)=O)NC(C)=O.ClCCl,out of bag,96.0,297.15,2.298113638,c12c(CCCC2)c3c(OP(N4CCN(C5=CC=CC=C5)CC4)Oc6ccc7c(CCCC7)c63)cc1,C=C(C(OC)=O)NC(C)=O,ClCCl
R382,L2'-7-S2,c12c(CCCC2)c3c(OP(N4CC(C=CC=C5)=C5CC4)Oc6ccc7c(CCCC7)c63)cc1.C=C(C(OC)=O)NC(C)=O.ClCCl,out of bag,96.0,297.15,2.298113638,c12c(CCCC2)c3c(OP(N4CC(C=CC=C5)=C5CC4)Oc6ccc7c(CCCC7)c63)cc1,C=C(C(OC)=O)NC(C)=O,ClCCl
R383,L2'-1-S3,CN(C)P1Oc2ccc3c(CCCC3)c2c4c(CCCC5)c5ccc4O1.C=C(C1=CC=CC=C1)NC(C)=O.ClCCl,out of bag,84.0,297.15,1.442202004,CN(C)P1Oc2ccc3c(CCCC3)c2c4c(CCCC5)c5ccc4O1,C=C(C1=CC=CC=C1)NC(C)=O,ClCCl
R384,L2'-3-S3,c12c(CCCC2)c3c(OP(N4CCCCC4)Oc5ccc6c(CCCC6)c53)cc1.C=C(C1=CC=CC=C1)NC(C)=O.ClCCl,out of bag,98.0,297.15,2.713410895,c12c(CCCC2)c3c(OP(N4CCCCC4)Oc5ccc6c(CCCC6)c53)cc1,C=C(C1=CC=CC=C1)NC(C)=O,ClCCl
R385,L2'-5-S3,c12c(CCCC2)c3c(OP(N4CCOCC4)Oc5ccc6c(CCCC6)c53)cc1.C=C(C1=CC=CC=C1)NC(C)=O.ClCCl,out of bag,97.0,297.15,2.470994528,c12c(CCCC2)c3c(OP(N4CCOCC4)Oc5ccc6c(CCCC6)c53)cc1,C=C(C1=CC=CC=C1)NC(C)=O,ClCCl
R386,L2'-1-S4,CN(C)P1Oc2ccc3c(CCCC3)c2c4c(CCCC5)c5ccc4O1.C=C(C1=CC=C(Cl)C=C1)NC(C)=O.ClCCl,out of bag,86.0,297.15,1.527435905,CN(C)P1Oc2ccc3c(CCCC3)c2c4c(CCCC5)c5ccc4O1,C=C(C1=CC=C(Cl)C=C1)NC(C)=O,ClCCl
R387,L2'-3-S4,c12c(CCCC2)c3c(OP(N4CCCCC4)Oc5ccc6c(CCCC6)c53)cc1.C=C(C1=CC=C(Cl)C=C1)NC(C)=O.ClCCl,out of bag,98.0,297.15,2.713410895,c12c(CCCC2)c3c(OP(N4CCCCC4)Oc5ccc6c(CCCC6)c53)cc1,C=C(C1=CC=C(Cl)C=C1)NC(C)=O,ClCCl
R388,L2'-5-S4,c12c(CCCC2)c3c(OP(N4CCOCC4)Oc5ccc6c(CCCC6)c53)cc1.C=C(C1=CC=C(Cl)C=C1)NC(C)=O.ClCCl,out of bag,97.0,297.15,2.470994528,c12c(CCCC2)c3c(OP(N4CCOCC4)Oc5ccc6c(CCCC6)c53)cc1,C=C(C1=CC=C(Cl)C=C1)NC(C)=O,ClCCl
R389,L2'-1-S59,CN(C)P1Oc2ccc3c(CCCC3)c2c4c(CCCC5)c5ccc4O1.CC(N/C(C(OC)=O)=C\C1=CC=CC=C1)=O.ClCCl,out of bag,95.0,297.15,2.163327271,CN(C)P1Oc2ccc3c(CCCC3)c2c4c(CCCC5)c5ccc4O1,CC(N/C(C(OC)=O)=C\C1=CC=CC=C1)=O,ClCCl
R390,L2'-2-S59,CCN(CC)P1Oc2ccc3c(CCCC3)c2c4c(CCCC5)c5ccc4O1.CC(N/C(C(OC)=O)=C\C1=CC=CC=C1)=O.ClCCl,out of bag,91.0,297.15,1.804001442,CCN(CC)P1Oc2ccc3c(CCCC3)c2c4c(CCCC5)c5ccc4O1,CC(N/C(C(OC)=O)=C\C1=CC=CC=C1)=O,ClCCl
R391,L2'-3-S59,c12c(CCCC2)c3c(OP(N4CCCCC4)Oc5ccc6c(CCCC6)c53)cc1.CC(N/C(C(OC)=O)=C\C1=CC=CC=C1)=O.ClCCl,out of bag,99.0,297.15,3.125688001,c12c(CCCC2)c3c(OP(N4CCCCC4)Oc5ccc6c(CCCC6)c53)cc1,CC(N/C(C(OC)=O)=C\C1=CC=CC=C1)=O,ClCCl
R392,L2'-4-S59,c12c(CCCC2)c3c(OP(N4CCCCCC4)Oc5ccc6c(CCCC6)c53)cc1.CC(N/C(C(OC)=O)=C\C1=CC=CC=C1)=O.ClCCl,out of bag,96.0,297.15,2.298113638,c12c(CCCC2)c3c(OP(N4CCCCCC4)Oc5ccc6c(CCCC6)c53)cc1,CC(N/C(C(OC)=O)=C\C1=CC=CC=C1)=O,ClCCl
R393,L2'-5-S59,c12c(CCCC2)c3c(OP(N4CCOCC4)Oc5ccc6c(CCCC6)c53)cc1.CC(N/C(C(OC)=O)=C\C1=CC=CC=C1)=O.ClCCl,out of bag,99.0,297.15,3.125688001,c12c(CCCC2)c3c(OP(N4CCOCC4)Oc5ccc6c(CCCC6)c53)cc1,CC(N/C(C(OC)=O)=C\C1=CC=CC=C1)=O,ClCCl
R394,L2'-6-S59,c12c(CCCC2)c3c(OP(N4CCN(C5=CC=CC=C5)CC4)Oc6ccc7c(CCCC7)c63)cc1.CC(N/C(C(OC)=O)=C\C1=CC=CC=C1)=O.ClCCl,out of bag,99.0,297.15,3.125688001,c12c(CCCC2)c3c(OP(N4CCN(C5=CC=CC=C5)CC4)Oc6ccc7c(CCCC7)c63)cc1,CC(N/C(C(OC)=O)=C\C1=CC=CC=C1)=O,ClCCl
R395,L2'-7-S59,c12c(CCCC2)c3c(OP(N4CC(C=CC=C5)=C5CC4)Oc6ccc7c(CCCC7)c63)cc1.CC(N/C(C(OC)=O)=C\C1=CC=CC=C1)=O.ClCCl,out of bag,98.0,297.15,2.713410895,c12c(CCCC2)c3c(OP(N4CC(C=CC=C5)=C5CC4)Oc6ccc7c(CCCC7)c63)cc1,CC(N/C(C(OC)=O)=C\C1=CC=CC=C1)=O,ClCCl
R396,L2'-1-S60,CN(C)P1Oc2ccc3c(CCCC3)c2c4c(CCCC5)c5ccc4O1.C=C(C1=CC=C(OC)C=C1)NC(C)=O.ClCCl,out of bag,75.0,297.15,1.149056819,CN(C)P1Oc2ccc3c(CCCC3)c2c4c(CCCC5)c5ccc4O1,C=C(C1=CC=C(OC)C=C1)NC(C)=O,ClCCl
R397,L2'-3-S60,c12c(CCCC2)c3c(OP(N4CCCCC4)Oc5ccc6c(CCCC6)c53)cc1.C=C(C1=CC=C(OC)C=C1)NC(C)=O.ClCCl,out of bag,99.0,297.15,3.125688001,c12c(CCCC2)c3c(OP(N4CCCCC4)Oc5ccc6c(CCCC6)c53)cc1,C=C(C1=CC=C(OC)C=C1)NC(C)=O,ClCCl
R398,L2'-5-S60,c12c(CCCC2)c3c(OP(N4CCOCC4)Oc5ccc6c(CCCC6)c53)cc1.C=C(C1=CC=C(OC)C=C1)NC(C)=O.ClCCl,out of bag,98.0,297.15,2.713410895,c12c(CCCC2)c3c(OP(N4CCOCC4)Oc5ccc6c(CCCC6)c53)cc1,C=C(C1=CC=C(OC)C=C1)NC(C)=O,ClCCl
R399,L2'-1-S61,CN(C)P1Oc2ccc3c(CCCC3)c2c4c(CCCC5)c5ccc4O1.CC(N/C(C1=CC=CC=C1)=C\CC)=O.ClCCl,out of bag,83.0,297.15,1.403185279,CN(C)P1Oc2ccc3c(CCCC3)c2c4c(CCCC5)c5ccc4O1,CC(N/C(C1=CC=CC=C1)=C\CC)=O,ClCCl
R400,L2'-3-S61,c12c(CCCC2)c3c(OP(N4CCCCC4)Oc5ccc6c(CCCC6)c53)cc1.CC(N/C(C1=CC=CC=C1)=C\CC)=O.ClCCl,out of bag,97.0,297.15,2.470994528,c12c(CCCC2)c3c(OP(N4CCCCC4)Oc5ccc6c(CCCC6)c53)cc1,CC(N/C(C1=CC=CC=C1)=C\CC)=O,ClCCl
R401,L2'-5-S61,c12c(CCCC2)c3c(OP(N4CCOCC4)Oc5ccc6c(CCCC6)c53)cc1.CC(N/C(C1=CC=CC=C1)=C\CC)=O.ClCCl,out of bag,99.0,297.15,3.125688001,c12c(CCCC2)c3c(OP(N4CCOCC4)Oc5ccc6c(CCCC6)c53)cc1,CC(N/C(C1=CC=CC=C1)=C\CC)=O,ClCCl
R402,L2'-1-S62,CN(C)P1Oc2ccc3c(CCCC3)c2c4c(CCCC5)c5ccc4O1.CC(N/C(C1=CC=CC=C1)=C/CC)=O.ClCCl,out of bag,5.0,297.15,0.059099122,CN(C)P1Oc2ccc3c(CCCC3)c2c4c(CCCC5)c5ccc4O1,CC(N/C(C1=CC=CC=C1)=C/CC)=O,ClCCl
R403,L2'-3-S62,c12c(CCCC2)c3c(OP(N4CCCCC4)Oc5ccc6c(CCCC6)c53)cc1.CC(N/C(C1=CC=CC=C1)=C/CC)=O.ClCCl,out of bag,5.0,297.15,0.059099122,c12c(CCCC2)c3c(OP(N4CCCCC4)Oc5ccc6c(CCCC6)c53)cc1,CC(N/C(C1=CC=CC=C1)=C/CC)=O,ClCCl
R404,L2'-5-S62,c12c(CCCC2)c3c(OP(N4CCOCC4)Oc5ccc6c(CCCC6)c53)cc1.CC(N/C(C1=CC=CC=C1)=C/CC)=O.ClCCl,out of bag,26.0,297.15,0.314273174,c12c(CCCC2)c3c(OP(N4CCOCC4)Oc5ccc6c(CCCC6)c53)cc1,CC(N/C(C1=CC=CC=C1)=C/CC)=O,ClCCl
R405,L3'-2-S71,CC1=C(OC)C(C)=CC(P(C2CCCCC2)C3CCCCC3)=C1C4=C(C)C(OC)=C(C)C=C4P(C5CCCCC5)C6CCCCC6.CC(N/C(C(O)=O)=C\C1=CC=CC=C1)=O.CO,out of bag,79.0,303.15,1.29090725,CC1=C(OC)C(C)=CC(P(C2CCCCC2)C3CCCCC3)=C1C4=C(C)C(OC)=C(C)C=C4P(C5CCCCC5)C6CCCCC6,CC(N/C(C(O)=O)=C\C1=CC=CC=C1)=O,CO
R406,L3'-3-S71,CC1=C(OC)C(C)=CC(P(C2=CC=CC=C2)C3=CC=CC=C3)=C1C4=C(C)C(OC)=C(C)C=C4P(C5CCCCC5)C6CCCCC6.CC(N/C(C(O)=O)=C\C1=CC=CC=C1)=O.CO,out of bag,61.0,303.15,0.854139126,CC1=C(OC)C(C)=CC(P(C2=CC=CC=C2)C3=CC=CC=C3)=C1C4=C(C)C(OC)=C(C)C=C4P(C5CCCCC5)C6CCCCC6,CC(N/C(C(O)=O)=C\C1=CC=CC=C1)=O,CO
R407,L3'-2-S191,CC1=C(OC)C(C)=CC(P(C2CCCCC2)C3CCCCC3)=C1C4=C(C)C(OC)=C(C)C=C4P(C5CCCCC5)C6CCCCC6.C=C(CC(O)=O)C(O)=O.CO,out of bag,80.0,303.15,1.323655619,CC1=C(OC)C(C)=CC(P(C2CCCCC2)C3CCCCC3)=C1C4=C(C)C(OC)=C(C)C=C4P(C5CCCCC5)C6CCCCC6,C=C(CC(O)=O)C(O)=O,CO
R408,L3'-3-S191,CC1=C(OC)C(C)=CC(P(C2=CC=CC=C2)C3=CC=CC=C3)=C1C4=C(C)C(OC)=C(C)C=C4P(C5CCCCC5)C6CCCCC6.C=C(CC(O)=O)C(O)=O.CO,out of bag,71.0,303.15,1.068917504,CC1=C(OC)C(C)=CC(P(C2=CC=CC=C2)C3=CC=CC=C3)=C1C4=C(C)C(OC)=C(C)C=C4P(C5CCCCC5)C6CCCCC6,C=C(CC(O)=O)C(O)=O,CO
R409,L3'-1-S192,CC1=C(OC)C(C)=CC(P(C2=CC=CC=C2)C3=CC=CC=C3)=C1C4=C(C)C(OC)=C(C)C=C4P(C5=CC=CC=C5)C6=CC=CC=C6.O=C(/C(CC(O)=O)=C/C1=CC=C(OCO2)C2=C1)OC.CO,out of bag,56.0,303.15,0.762464804,CC1=C(OC)C(C)=CC(P(C2=CC=CC=C2)C3=CC=CC=C3)=C1C4=C(C)C(OC)=C(C)C=C4P(C5=CC=CC=C5)C6=CC=CC=C6,O=C(/C(CC(O)=O)=C/C1=CC=C(OCO2)C2=C1)OC,CO
R410,L3'-2-S192,CC1=C(OC)C(C)=CC(P(C2CCCCC2)C3CCCCC3)=C1C4=C(C)C(OC)=C(C)C=C4P(C5CCCCC5)C6CCCCC6.O=C(/C(CC(O)=O)=C/C1=CC=C(OCO2)C2=C1)OC.CO,out of bag,73.0,303.15,1.118970911,CC1=C(OC)C(C)=CC(P(C2CCCCC2)C3CCCCC3)=C1C4=C(C)C(OC)=C(C)C=C4P(C5CCCCC5)C6CCCCC6,O=C(/C(CC(O)=O)=C/C1=CC=C(OCO2)C2=C1)OC,CO
R411,L3'-3-S192,CC1=C(OC)C(C)=CC(P(C2=CC=CC=C2)C3=CC=CC=C3)=C1C4=C(C)C(OC)=C(C)C=C4P(C5CCCCC5)C6CCCCC6.O=C(/C(CC(O)=O)=C/C1=CC=C(OCO2)C2=C1)OC.CO,out of bag,59.0,303.15,0.816481399,CC1=C(OC)C(C)=CC(P(C2=CC=CC=C2)C3=CC=CC=C3)=C1C4=C(C)C(OC)=C(C)C=C4P(C5CCCCC5)C6CCCCC6,O=C(/C(CC(O)=O)=C/C1=CC=C(OCO2)C2=C1)OC,CO
