Example,Substrate,substrate_smiles,A,B,C,D,Pd source,Pd(%),Ligand,ligand_smiles,Ligand(%),Cat type,solvent,solvent_smiles,time(h),temp,Yield(%),Product hand,ee,major%,%topA,K,ddG,ddG_abs
1,2aa,O=C1C(C(OCC=C)=O)(C2=CC=CC=C2)CCC1,Ph,CH2,CH2,CH2,Pd2(dba)3.CHCl3,5,"(R,R)-L3",O=C(C1=C(C=CC=C1)P(C2=CC=CC=C2)C3=CC=CC=C3)N[C@H]4[C@@H](C5C6=C(C=CC=C6)C4C7=C5C=CC=C7)NC(C8=C(C=CC=C8)P(C9=CC=CC=C9)C%10=CC=CC=C%10)=O,12.5,III,dioxane,C1COCCO1,10,25,92,S,84.3,92.15,92.15,11.7388535,-6.105461012,6.105461012
2,2ba,O=C1C(C(OCC=C)=O)(C2=CC=C(OC)C=C2)CCC1,4-MeOC6H4,CH2,CH2,CH2,Pd2(dba)3.CHCl3,5,"(R,R)-L3",O=C(C1=C(C=CC=C1)P(C2=CC=CC=C2)C3=CC=CC=C3)N[C@H]4[C@@H](C5C6=C(C=CC=C6)C4C7=C5C=CC=C7)NC(C8=C(C=CC=C8)P(C9=CC=CC=C9)C%10=CC=CC=C%10)=O,12.5,III,dioxane,C1COCCO1,10,25,97,S,84,92,92,11.5,-6.054500573,6.054500573
3,2ca,O=C1C(C(OCC=C)=O)(C2=CC=C(C(F)(F)F)C=C2)CCC1,4-CF3C6H4,CH2,CH2,CH2,Pd2(dba)3.CHCl3,5,"(R,R)-L3",O=C(C1=C(C=CC=C1)P(C2=CC=CC=C2)C3=CC=CC=C3)N[C@H]4[C@@H](C5C6=C(C=CC=C6)C4C7=C5C=CC=C7)NC(C8=C(C=CC=C8)P(C9=CC=CC=C9)C%10=CC=CC=C%10)=O,12.5,III,dioxane,C1COCCO1,10,25,92,S,83.7,91.85,91.85,11.26993865,-6.00440521,6.00440521
4,2ea,O=C1C(C(OCC=C)=O)(C2=CC(OCO3)=C3C=C2)CCC1,piperonyl,CH2,CH2,CH2,Pd2(dba)3.CHCl3,5,"(R,R)-L3",O=C(C1=C(C=CC=C1)P(C2=CC=CC=C2)C3=CC=CC=C3)N[C@H]4[C@@H](C5C6=C(C=CC=C6)C4C7=C5C=CC=C7)NC(C8=C(C=CC=C8)P(C9=CC=CC=C9)C%10=CC=CC=C%10)=O,12.5,III,dioxane,C1COCCO1,10,25,96,S,82.8,91.4,91.4,10.62790698,-5.858999821,5.858999821
5,2fa,O=C1C(C(OCC=C)=O)(C2=C(OC)C=CC=C2OC)CCC1,"2,6-(MeO)2C6H3",CH2,CH2,CH2,Pd2(dba)3.CHCl3,5,"(R,R)-L3",O=C(C1=C(C=CC=C1)P(C2=CC=CC=C2)C3=CC=CC=C3)N[C@H]4[C@@H](C5C6=C(C=CC=C6)C4C7=C5C=CC=C7)NC(C8=C(C=CC=C8)P(C9=CC=CC=C9)C%10=CC=CC=C%10)=O,12.5,III,dioxane,C1COCCO1,10,25,95,S,99.9,99.95,99.95,1999,-18.8411555,18.8411555
6,2ga,O=C1C(C(OCC=C)=O)(C2=C(OC)C=C(OC)C=C2)CCC1,"2,4-(MeO)2C6H3",CH2,CH2,CH2,Pd2(dba)3.CHCl3,5,"(R,R)-L3",O=C(C1=C(C=CC=C1)P(C2=CC=CC=C2)C3=CC=CC=C3)N[C@H]4[C@@H](C5C6=C(C=CC=C6)C4C7=C5C=CC=C7)NC(C8=C(C=CC=C8)P(C9=CC=CC=C9)C%10=CC=CC=C%10)=O,12.5,III,dioxane,C1COCCO1,10,25,91,S,96.9,98.45,98.45,63.51612903,-10.2909254,10.2909254
7,2ha,O=C1C(C(OCC=C)=O)(C2=C(OC)C=C(C)C=C2C)CCC1,"2-MeO-4,6-MeC6H2",CH2,CH2,CH2,Pd2(dba)3.CHCl3,5,"(R,R)-L3",O=C(C1=C(C=CC=C1)P(C2=CC=CC=C2)C3=CC=CC=C3)N[C@H]4[C@@H](C5C6=C(C=CC=C6)C4C7=C5C=CC=C7)NC(C8=C(C=CC=C8)P(C9=CC=CC=C9)C%10=CC=CC=C%10)=O,12.5,III,dioxane,C1COCCO1,10,25,94,S,99.4,99.7,99.7,332.3333333,-14.39323251,14.39323251
8,2ia,O=C1C(C2=C(C(OC)=CC=C2OC)OC)(CCC1)C(OCC=C)=O,"2,3,6-(MeO)3C6H2",CH2,CH2,CH2,Pd2(dba)3.CHCl3,5,"(R,R)-L3",O=C(C1=C(C=CC=C1)P(C2=CC=CC=C2)C3=CC=CC=C3)N[C@H]4[C@@H](C5C6=C(C=CC=C6)C4C7=C5C=CC=C7)NC(C8=C(C=CC=C8)P(C9=CC=CC=C9)C%10=CC=CC=C%10)=O,12.5,III,dioxane,C1COCCO1,10,25,95,S,99.9,99.95,99.95,1999,-18.8411555,18.8411555
9,2ja,O=C1C(C(OCC=C)=O)(C2=C(OC)C(OC)=C(OC)C=C2)CCC1,"2,3,4-(MeO)3C6H2",CH2,CH2,CH2,Pd2(dba)3.CHCl3,5,"(R,R)-L3",O=C(C1=C(C=CC=C1)P(C2=CC=CC=C2)C3=CC=CC=C3)N[C@H]4[C@@H](C5C6=C(C=CC=C6)C4C7=C5C=CC=C7)NC(C8=C(C=CC=C8)P(C9=CC=CC=C9)C%10=CC=CC=C%10)=O,12.5,III,dioxane,C1COCCO1,10,25,96,S,87.6,93.8,93.8,15.12903226,-6.734403527,6.734403527
10,2ka,O=C1C(C(OCC=C)=O)(C2=C(OC)C=C(OC)C=C2OC)CCC1,"2,4,6-(MeO)3C6H2",CH2,CH2,CH2,Pd2(dba)3.CHCl3,5,"(R,R)-L3",O=C(C1=C(C=CC=C1)P(C2=CC=CC=C2)C3=CC=CC=C3)N[C@H]4[C@@H](C5C6=C(C=CC=C6)C4C7=C5C=CC=C7)NC(C8=C(C=CC=C8)P(C9=CC=CC=C9)C%10=CC=CC=C%10)=O,12.5,III,dioxane,C1COCCO1,10,25,92,S,99.9,99.95,99.95,1999,-18.8411555,18.8411555
11,2ka,O=C1C(C(OCC=C)=O)(C2=C(OC)C=C(OC)C=C2OC)CCC1,"2,4,6-(MeO)3C6H2",CH2,CH2,CH2,Pd2(dba)3.CHCl3,5,"(R,R)-L1",O=C(N[C@H]1[C@@H](CCCC1)NC(C2=C(C=CC=C2)P(C3=CC=CC=C3)C4=CC=CC=C4)=O)C5=C(P(C6=CC=CC=C6)C7=CC=CC=C7)C=CC=C5,12.5,I,dioxane,C1COCCO1,10,25,90,S*,86,93,93,13.28571429,-6.412320563,6.412320563
12,2la,O=C1C(C2=C(C=CC3=C2C=CC=C3)OC)(CCC1)C(OCC=C)=O,2-MeO-naphthyl,CH2,CH2,CH2,Pd2(dba)3.CHCl3,5,"(R,R)-L3",O=C(C1=C(C=CC=C1)P(C2=CC=CC=C2)C3=CC=CC=C3)N[C@H]4[C@@H](C5C6=C(C=CC=C6)C4C7=C5C=CC=C7)NC(C8=C(C=CC=C8)P(C9=CC=CC=C9)C%10=CC=CC=C%10)=O,12.5,III,dioxane,C1COCCO1,10,25,92,S,99.9,99.95,99.95,1999,-18.8411555,18.8411555
13,2ma,O=C1C(C2=C(C=CC3=C2C=CC=C3)OCC4=CC=CC=C4)(CCC1)C(OCC=C)=O,2-BnO-naphthyl,CH2,CH2,CH2,Pd2(dba)3.CHCl3,5,"(R,R)-L3",O=C(C1=C(C=CC=C1)P(C2=CC=CC=C2)C3=CC=CC=C3)N[C@H]4[C@@H](C5C6=C(C=CC=C6)C4C7=C5C=CC=C7)NC(C8=C(C=CC=C8)P(C9=CC=CC=C9)C%10=CC=CC=C%10)=O,12.5,III,dioxane,C1COCCO1,10,25,93,S,99.5,99.75,99.75,399,-14.84644475,14.84644475
14,2ka,O=C1C(C(OCC=C)=O)(C2=C(OC)C=C(OC)C=C2OC)CCC1,"2,4,6-(MeO)3C6H2",CH2,CH2,CH2,Pd2(dba)3.CHCl3,5,"(R,R)-L3",O=C(C1=C(C=CC=C1)P(C2=CC=CC=C2)C3=CC=CC=C3)N[C@H]4[C@@H](C5C6=C(C=CC=C6)C4C7=C5C=CC=C7)NC(C8=C(C=CC=C8)P(C9=CC=CC=C9)C%10=CC=CC=C%10)=O,12.5,III,toluene,CC1=CC=CC=C1,24,25,50,S,96,98,98,49,-9.647698662,9.647698662
15,2ka,O=C1C(C(OCC=C)=O)(C2=C(OC)C=C(OC)C=C2OC)CCC1,"2,4,6-(MeO)3C6H2",CH2,CH2,CH2,Pd2(dba)3.CHCl3,5,"(R,R)-L3",O=C(C1=C(C=CC=C1)P(C2=CC=CC=C2)C3=CC=CC=C3)N[C@H]4[C@@H](C5C6=C(C=CC=C6)C4C7=C5C=CC=C7)NC(C8=C(C=CC=C8)P(C9=CC=CC=C9)C%10=CC=CC=C%10)=O,12.5,III,2-Me-THF,CC1CCCO1,24,25,40,S,98,99,99,99,-11.39115587,11.39115587
16,2ka,O=C1C(C(OCC=C)=O)(C2=C(OC)C=C(OC)C=C2OC)CCC1,"2,4,6-(MeO)3C6H2",CH2,CH2,CH2,Pd2(dba)3.CHCl3,5,"(R,R)-L3",O=C(C1=C(C=CC=C1)P(C2=CC=CC=C2)C3=CC=CC=C3)N[C@H]4[C@@H](C5C6=C(C=CC=C6)C4C7=C5C=CC=C7)NC(C8=C(C=CC=C8)P(C9=CC=CC=C9)C%10=CC=CC=C%10)=O,12.5,III,MTBE,COC(C)(C)C,24,25,59,S,97,98.5,98.5,65.66666667,-10.37346901,10.37346901
17,2ka,O=C1C(C(OCC=C)=O)(C2=C(OC)C=C(OC)C=C2OC)CCC1,"2,4,6-(MeO)3C6H2",CH2,CH2,CH2,Pd2(dba)3.CHCl3,5,"(R,R)-L3",O=C(C1=C(C=CC=C1)P(C2=CC=CC=C2)C3=CC=CC=C3)N[C@H]4[C@@H](C5C6=C(C=CC=C6)C4C7=C5C=CC=C7)NC(C8=C(C=CC=C8)P(C9=CC=CC=C9)C%10=CC=CC=C%10)=O,12.5,III,DME,COCCOC,24,25,43,S,98.6,99.3,99.3,141.8571429,-12.28284237,12.28284237
18,2ka,O=C1C(C(OCC=C)=O)(C2=C(OC)C=C(OC)C=C2OC)CCC1,"2,4,6-(MeO)3C6H2",CH2,CH2,CH2,Pd2(dba)3.CHCl3,5,"(R,R)-L3",O=C(C1=C(C=CC=C1)P(C2=CC=CC=C2)C3=CC=CC=C3)N[C@H]4[C@@H](C5C6=C(C=CC=C6)C4C7=C5C=CC=C7)NC(C8=C(C=CC=C8)P(C9=CC=CC=C9)C%10=CC=CC=C%10)=O,12.5,III,THF,C1CCCO1,24,25,63,S,99.8,99.9,99.9,999,-17.12162529,17.12162529
19,2bb,O=C1C(C2=CC=C(OC)C=C2)(CCO1)C(OCC=C)=O,4-MeOC6H4,O,CH2,CH2,Pd2(dba)3.CHCl3,5,"(R,R)-L3",O=C(C1=C(C=CC=C1)P(C2=CC=CC=C2)C3=CC=CC=C3)N[C@H]4[C@@H](C5C6=C(C=CC=C6)C4C7=C5C=CC=C7)NC(C8=C(C=CC=C8)P(C9=CC=CC=C9)C%10=CC=CC=C%10)=O,12.5,III,dioxane,C1COCCO1,18,50,89,S,42,71,71,2.448275862,-2.405745324,2.405745324
20,2fb,O=C1C(C2=C(OC)C=CC=C2OC)(CCO1)C(OCC=C)=O,"2,6-(MeO)2C6H3",O,CH2,CH2,Pd2(dba)3.CHCl3,5,"(R,R)-L3",O=C(C1=C(C=CC=C1)P(C2=CC=CC=C2)C3=CC=CC=C3)N[C@H]4[C@@H](C5C6=C(C=CC=C6)C4C7=C5C=CC=C7)NC(C8=C(C=CC=C8)P(C9=CC=CC=C9)C%10=CC=CC=C%10)=O,12.5,III,dioxane,C1COCCO1,18,50,81,S,95,97.5,97.5,39,-9.843369811,9.843369811
21,2gb,O=C1C(C2=CC=C(OC)C=C2OC)(CCO1)C(OCC=C)=O,"2,4-(MeO)2C6H3",O,CH2,CH2,Pd2(dba)3.CHCl3,5,"(R,R)-L3",O=C(C1=C(C=CC=C1)P(C2=CC=CC=C2)C3=CC=CC=C3)N[C@H]4[C@@H](C5C6=C(C=CC=C6)C4C7=C5C=CC=C7)NC(C8=C(C=CC=C8)P(C9=CC=CC=C9)C%10=CC=CC=C%10)=O,12.5,III,dioxane,C1COCCO1,18,50,89,S,41,70.5,70.5,2.389830508,-2.340827194,2.340827194
22,2hb,O=C1C(C2=C(C)C=C(C)C=C2OC)(CCO1)C(OCC=C)=O,"2-MeO-4,6-MeC6H2",O,CH2,CH2,Pd2(dba)3.CHCl3,5,"(R,R)-L3",O=C(C1=C(C=CC=C1)P(C2=CC=CC=C2)C3=CC=CC=C3)N[C@H]4[C@@H](C5C6=C(C=CC=C6)C4C7=C5C=CC=C7)NC(C8=C(C=CC=C8)P(C9=CC=CC=C9)C%10=CC=CC=C%10)=O,12.5,III,dioxane,C1COCCO1,18,50,73,S,73,86.5,86.5,6.407407407,-4.990666342,4.990666342
23,2jb,O=C1C(C2=CC=C(OC)C(OC)=C2OC)(CCO1)C(OCC=C)=O,"2,3,4-(MeO)3C6H2",O,CH2,CH2,Pd2(dba)3.CHCl3,5,"(R,R)-L3",O=C(C1=C(C=CC=C1)P(C2=CC=CC=C2)C3=CC=CC=C3)N[C@H]4[C@@H](C5C6=C(C=CC=C6)C4C7=C5C=CC=C7)NC(C8=C(C=CC=C8)P(C9=CC=CC=C9)C%10=CC=CC=C%10)=O,12.5,III,dioxane,C1COCCO1,18,50,92,S,3,51.5,51.5,1.06185567,-0.16125823,0.16125823
24,2jb,O=C1C(C2=CC=C(OC)C(OC)=C2OC)(CCO1)C(OCC=C)=O,"2,3,4-(MeO)3C6H2",O,CH2,CH2,Pd2(dba)3.CHCl3,5,"(S,S)-L1",O=C(C1=C(C=CC=C1)P(C2=CC=CC=C2)C3=CC=CC=C3)N[C@@H]4[C@@H](NC(C5=C(P(C6=CC=CC=C6)C7=CC=CC=C7)C=CC=C5)=O)CCCC4,12.5,I,dioxane,C1COCCO1,18,50,52,R,54,77,23,0.298701299,3.246527613,3.246527613
25,2jb,O=C1C(C2=CC=C(OC)C(OC)=C2OC)(CCO1)C(OCC=C)=O,"2,3,4-(MeO)3C6H2",O,CH2,CH2,Pd2(dba)3.CHCl3,5,"(S,S)-L2",O=C(N[C@@H]1[C@H](CCCC1)NC(C2=C([P](C3=CC=CC=C3)C4=CC=CC=C4)C=CC5=C2C=CC=C5)=O)C6=C([P](C7=CC=CC=C7)C8=CC=CC=C8)C=CC9=C6C=CC=C9,12.5,II,dioxane,C1COCCO1,18,50,85,R,31,65.5,34.5,0.526717557,1.722502477,1.722502477
26,2kb,O=C1C(C2=C(OC)C=C(OC)C=C2OC)(CCO1)C(OCC=C)=O,"2,4,6-(MeO)3C6H2",O,CH2,CH2,Pd2(dba)3.CHCl3,5,"(R,R)-L3",O=C(C1=C(C=CC=C1)P(C2=CC=CC=C2)C3=CC=CC=C3)N[C@H]4[C@@H](C5C6=C(C=CC=C6)C4C7=C5C=CC=C7)NC(C8=C(C=CC=C8)P(C9=CC=CC=C9)C%10=CC=CC=C%10)=O,12.5,III,dioxane,C1COCCO1,18,50,84,S,97,98.5,98.5,65.66666667,-11.24328864,11.24328864
27,2lb,O=C1C(C2=C(OC)C=CC3=C2C=CC=C3)(CCO1)C(OCC=C)=O,2-MeO-naphthyl,O,CH2,CH2,Pd2(dba)3.CHCl3,5,"(R,R)-L3",O=C(C1=C(C=CC=C1)P(C2=CC=CC=C2)C3=CC=CC=C3)N[C@H]4[C@@H](C5C6=C(C=CC=C6)C4C7=C5C=CC=C7)NC(C8=C(C=CC=C8)P(C9=CC=CC=C9)C%10=CC=CC=C%10)=O,12.5,III,dioxane,C1COCCO1,18,50,97,S,98,99,99,99,-12.34630897,12.34630897
28,2mb,O=C1C(C2=C(OCC3=CC=CC=C3)C=CC4=C2C=CC=C4)(CCO1)C(OCC=C)=O,2-BnO-naphthyl,O,CH2,CH2,Pd2(dba)3.CHCl3,5,"(R,R)-L3",O=C(C1=C(C=CC=C1)P(C2=CC=CC=C2)C3=CC=CC=C3)N[C@H]4[C@@H](C5C6=C(C=CC=C6)C4C7=C5C=CC=C7)NC(C8=C(C=CC=C8)P(C9=CC=CC=C9)C%10=CC=CC=C%10)=O,12.5,III,dioxane,C1COCCO1,18,50,70,S,93,96.5,96.5,27.57142857,-8.911626353,8.911626353
29,2bc,O=C1C(C(OCC=C)=O)(C2=CC=C(OC)C=C2)CCCO1,4-MeOC6H4,O,CH2CH2,CH2,Pd2(dba)3.CHCl3,5,"(R,R)-L3",O=C(C1=C(C=CC=C1)P(C2=CC=CC=C2)C3=CC=CC=C3)N[C@H]4[C@@H](C5C6=C(C=CC=C6)C4C7=C5C=CC=C7)NC(C8=C(C=CC=C8)P(C9=CC=CC=C9)C%10=CC=CC=C%10)=O,12.5,III,dioxane,C1COCCO1,4,40,98,S,14,57,57,1.325581395,-0.733851807,0.733851807
30,2bc,O=C1C(C(OCC=C)=O)(C2=CC=C(OC)C=C2)CCCO1,4-MeOC6H4,O,CH2CH2,CH2,Pd2(dba)3.CHCl3,5,"(S,S)-L1",O=C(C1=C(C=CC=C1)P(C2=CC=CC=C2)C3=CC=CC=C3)N[C@@H]4[C@@H](NC(C5=C(P(C6=CC=CC=C6)C7=CC=CC=C7)C=CC=C5)=O)CCCC4,12.5,I,dioxane,C1COCCO1,18,50,56,R,57,78.5,21.5,0.27388535,3.479568484,3.479568484
31,2cc,O=C1C(C(OCC=C)=O)(C2=CC=C(C(F)(F)F)C=C2)CCCO1,4-CF3C6H4,O,CH2CH2,CH2,Pd2(dba)3.CHCl3,5,"(R,R)-L3",O=C(C1=C(C=CC=C1)P(C2=CC=CC=C2)C3=CC=CC=C3)N[C@H]4[C@@H](C5C6=C(C=CC=C6)C4C7=C5C=CC=C7)NC(C8=C(C=CC=C8)P(C9=CC=CC=C9)C%10=CC=CC=C%10)=O,12.5,III,dioxane,C1COCCO1,18,40,91,S,8,54,54,1.173913043,-0.417481861,0.417481861
32,2cc,O=C1C(C(OCC=C)=O)(C2=CC=C(C(F)(F)F)C=C2)CCCO1,4-CF3C6H4,O,CH2CH2,CH2,Pd2(dba)3.CHCl3,5,"(S,S)-L1",O=C(C1=C(C=CC=C1)P(C2=CC=CC=C2)C3=CC=CC=C3)N[C@@H]4[C@@H](NC(C5=C(P(C6=CC=CC=C6)C7=CC=CC=C7)C=CC=C5)=O)CCCC4,12.5,I,dioxane,C1COCCO1,18,50,79,R,80,90,10,0.111111111,5.903570394,5.903570394
33,2ec,O=C1C(C(OCC=C)=O)(C2=CC(OCO3)=C3C=C2)CCCO1,piperonyl,O,CH2CH2,CH2,Pd2(dba)3.CHCl3,5,"(R,R)-L3",O=C(C1=C(C=CC=C1)P(C2=CC=CC=C2)C3=CC=CC=C3)N[C@H]4[C@@H](C5C6=C(C=CC=C6)C4C7=C5C=CC=C7)NC(C8=C(C=CC=C8)P(C9=CC=CC=C9)C%10=CC=CC=C%10)=O,12.5,III,dioxane,C1COCCO1,6,40,95,S,28,64,64,1.777777778,-1.498067382,1.498067382
34,2ec,O=C1C(C(OCC=C)=O)(C2=CC(OCO3)=C3C=C2)CCCO1,piperonyl,O,CH2CH2,CH2,Pd2(dba)3.CHCl3,5,"(S,S)-L1",O=C(C1=C(C=CC=C1)P(C2=CC=CC=C2)C3=CC=CC=C3)N[C@@H]4[C@@H](NC(C5=C(P(C6=CC=CC=C6)C7=CC=CC=C7)C=CC=C5)=O)CCCC4,12.5,I,dioxane,C1COCCO1,18,50,72,R,53,76.5,23.5,0.307189542,3.171240236,3.171240236
35,2fc,O=C1C(C(OCC=C)=O)(C2=C(OC)C=CC=C2OC)CCCO1,"2,6-(MeO)2C6H3",O,CH2CH2,CH2,Pd2(dba)3.CHCl3,5,"(R,R)-L3",O=C(C1=C(C=CC=C1)P(C2=CC=CC=C2)C3=CC=CC=C3)N[C@H]4[C@@H](C5C6=C(C=CC=C6)C4C7=C5C=CC=C7)NC(C8=C(C=CC=C8)P(C9=CC=CC=C9)C%10=CC=CC=C%10)=O,12.5,III,dioxane,C1COCCO1,1,40,84,S,99,99.5,99.5,199,-13.78210195,13.78210195
36,2gc,O=C1C(C(OCC=C)=O)(C2=C(OC)C=C(OC)C=C2)CCCO1,"2,4-(MeO)2C6H3",O,CH2CH2,CH2,Pd2(dba)3.CHCl3,5,"(R,R)-L3",O=C(C1=C(C=CC=C1)P(C2=CC=CC=C2)C3=CC=CC=C3)N[C@H]4[C@@H](C5C6=C(C=CC=C6)C4C7=C5C=CC=C7)NC(C8=C(C=CC=C8)P(C9=CC=CC=C9)C%10=CC=CC=C%10)=O,12.5,III,dioxane,C1COCCO1,3,40,97,S,88,94,94,15.66666667,-7.164133079,7.164133079
37,2hc,O=C1C(C(OCC=C)=O)(C2=C(OC)C=C(C)C=C2C)CCCO1,"2-MeO-4,6-MeC6H2",O,CH2CH2,CH2,Pd2(dba)3.CHCl3,5,"(R,R)-L3",O=C(C1=C(C=CC=C1)P(C2=CC=CC=C2)C3=CC=CC=C3)N[C@H]4[C@@H](C5C6=C(C=CC=C6)C4C7=C5C=CC=C7)NC(C8=C(C=CC=C8)P(C9=CC=CC=C9)C%10=CC=CC=C%10)=O,12.5,III,dioxane,C1COCCO1,18,40,61,S,79,89.5,89.5,8.523809524,-5.579342655,5.579342655
38,2ic,O=C1C(C(OCC=C)=O)(C2=C(OC)C(OC)=CC=C2OC)CCCO1,"2,3,6-(MeO)3C6H2",O,CH2CH2,CH2,Pd2(dba)3.CHCl3,5,"(R,R)-L3",O=C(C1=C(C=CC=C1)P(C2=CC=CC=C2)C3=CC=CC=C3)N[C@H]4[C@@H](C5C6=C(C=CC=C6)C4C7=C5C=CC=C7)NC(C8=C(C=CC=C8)P(C9=CC=CC=C9)C%10=CC=CC=C%10)=O,12.5,III,dioxane,C1COCCO1,1,40,79,S,99,99.5,99.5,199,-13.78210195,13.78210195
39,2jc,O=C1C(C(OCC=C)=O)(C2=C(OC)C(OC)=C(OC)C=C2)CCCO1,"2,3,4-(MeO)3C6H2",O,CH2CH2,CH2,Pd2(dba)3.CHCl3,5,"(R,R)-L3",O=C(C1=C(C=CC=C1)P(C2=CC=CC=C2)C3=CC=CC=C3)N[C@H]4[C@@H](C5C6=C(C=CC=C6)C4C7=C5C=CC=C7)NC(C8=C(C=CC=C8)P(C9=CC=CC=C9)C%10=CC=CC=C%10)=O,12.5,III,dioxane,C1COCCO1,3,40,81,S,64,82,82,4.555555556,-3.948092236,3.948092236
40,2jc,O=C1C(C(OCC=C)=O)(C2=C(OC)C(OC)=C(OC)C=C2)CCCO1,"2,3,4-(MeO)3C6H2",O,CH2CH2,CH2,Pd2(dba)3.CHCl3,5,"(S,S)-L1",O=C(C1=C(C=CC=C1)P(C2=CC=CC=C2)C3=CC=CC=C3)N[C@@H]4[C@@H](NC(C5=C(P(C6=CC=CC=C6)C7=CC=CC=C7)C=CC=C5)=O)CCCC4,12.5,I,dioxane,C1COCCO1,18,50,48,R,37,68.5,31.5,0.459854015,2.087254198,2.087254198
41,2kc,O=C1C(C(OCC=C)=O)(C2=C(OC)C=C(OC)C=C2OC)CCCO1,"2,4,6-(MeO)3C6H2",O,CH2CH2,CH2,Pd2(dba)3.CHCl3,5,"(R,R)-L3",O=C(C1=C(C=CC=C1)P(C2=CC=CC=C2)C3=CC=CC=C3)N[C@H]4[C@@H](C5C6=C(C=CC=C6)C4C7=C5C=CC=C7)NC(C8=C(C=CC=C8)P(C9=CC=CC=C9)C%10=CC=CC=C%10)=O,12.5,III,dioxane,C1COCCO1,1,40,89,S,99,99.5,99.5,199,-13.78210195,13.78210195
42,2kc,O=C1C(C(OCC=C)=O)(C2=C(OC)C=C(OC)C=C2OC)CCCO1,"2,4,6-(MeO)3C6H2",O,CH2CH2,CH2,Pd2(dba)3.CHCl3,5,"(R,R)-L1",O=C(N[C@H]1[C@@H](CCCC1)NC(C2=C(C=CC=C2)P(C3=CC=CC=C3)C4=CC=CC=C4)=O)C5=C(P(C6=CC=CC=C6)C7=CC=CC=C7)C=CC=C5,12.5,I,dioxane,C1COCCO1,18,40,18,R*,70,85,85,5.666666667,-4.51635592,4.51635592
43,2kc,O=C1C(C(OCC=C)=O)(C2=C(OC)C=C(OC)C=C2OC)CCCO1,"2,4,6-(MeO)3C6H2",O,CH2CH2,CH2,Pd2(dba)3.CHCl3,5,"(S,S)-L2",O=C(N[C@@H]1[C@H](CCCC1)NC(C2=C([P](C3=CC=CC=C3)C4=CC=CC=C4)C=CC5=C2C=CC=C5)=O)C6=C([P](C7=CC=CC=C7)C8=CC=CC=C8)C=CC9=C6C=CC=C9,12.5,II,dioxane,C1COCCO1,18,40,25,R,27,63.5,36.5,0.57480315,1.441732738,1.441732738
44,2lc,O=C1C(C(OCC=C)=O)(C2=C(C=CC=C3)C3=CC=C2OC)CCCO1,2-MeO-naphthyl,O,CH2CH2,CH2,Pd2(dba)3.CHCl3,5,"(R,R)-L3",O=C(C1=C(C=CC=C1)P(C2=CC=CC=C2)C3=CC=CC=C3)N[C@H]4[C@@H](C5C6=C(C=CC=C6)C4C7=C5C=CC=C7)NC(C8=C(C=CC=C8)P(C9=CC=CC=C9)C%10=CC=CC=C%10)=O,12.5,III,dioxane,C1COCCO1,3,40,74,S,94,97,97,32.33333333,-9.050668364,9.050668364
45,2mc,O=C1C(C(OCC=C)=O)(C2=C(C=CC=C3)C3=CC=C2OCC4=CC=CC=C4)CCCO1,2-BnO-naphthyl,O,CH2CH2,CH2,Pd2(dba)3.CHCl3,5,"(R,R)-L3",O=C(C1=C(C=CC=C1)P(C2=CC=CC=C2)C3=CC=CC=C3)N[C@H]4[C@@H](C5C6=C(C=CC=C6)C4C7=C5C=CC=C7)NC(C8=C(C=CC=C8)P(C9=CC=CC=C9)C%10=CC=CC=C%10)=O,12.5,III,dioxane,C1COCCO1,3,40,81,S,97,98.5,98.5,65.66666667,-10.89536079,10.89536079
46,2kc,O=C1C(C(OCC=C)=O)(C2=C(OC)C=C(OC)C=C2OC)CCCO1,"2,4,6-(MeO)3C6H2",O,CH2CH2,CH2,Pd2(dba)3.CHCl3,5,"(R,R)-L3",O=C(C1=C(C=CC=C1)P(C2=CC=CC=C2)C3=CC=CC=C3)N[C@H]4[C@@H](C5C6=C(C=CC=C6)C4C7=C5C=CC=C7)NC(C8=C(C=CC=C8)P(C9=CC=CC=C9)C%10=CC=CC=C%10)=O,12.5,III,toluene,CC1=CC=CC=C1,18,40,17,S,99,99.5,99.5,199,-13.78210195,13.78210195
47,2kc,O=C1C(C(OCC=C)=O)(C2=C(OC)C=C(OC)C=C2OC)CCCO1,"2,4,6-(MeO)3C6H2",O,CH2CH2,CH2,Pd2(dba)3.CHCl3,5,"(R,R)-L3",O=C(C1=C(C=CC=C1)P(C2=CC=CC=C2)C3=CC=CC=C3)N[C@H]4[C@@H](C5C6=C(C=CC=C6)C4C7=C5C=CC=C7)NC(C8=C(C=CC=C8)P(C9=CC=CC=C9)C%10=CC=CC=C%10)=O,12.5,III,2-Me-THF,CC1CCCO1,18,40,19,S,97,98.5,98.5,65.66666667,-10.89536079,10.89536079
48,2kc,O=C1C(C(OCC=C)=O)(C2=C(OC)C=C(OC)C=C2OC)CCCO1,"2,4,6-(MeO)3C6H2",O,CH2CH2,CH2,Pd2(dba)3.CHCl3,5,"(R,R)-L3",O=C(C1=C(C=CC=C1)P(C2=CC=CC=C2)C3=CC=CC=C3)N[C@H]4[C@@H](C5C6=C(C=CC=C6)C4C7=C5C=CC=C7)NC(C8=C(C=CC=C8)P(C9=CC=CC=C9)C%10=CC=CC=C%10)=O,12.5,III,MTBE,COC(C)(C)C,18,40,34,S,99,99.5,99.5,199,-13.78210195,13.78210195
49,2kc,O=C1C(C(OCC=C)=O)(C2=C(OC)C=C(OC)C=C2OC)CCCO1,"2,4,6-(MeO)3C6H2",O,CH2CH2,CH2,Pd2(dba)3.CHCl3,5,"(R,R)-L3",O=C(C1=C(C=CC=C1)P(C2=CC=CC=C2)C3=CC=CC=C3)N[C@H]4[C@@H](C5C6=C(C=CC=C6)C4C7=C5C=CC=C7)NC(C8=C(C=CC=C8)P(C9=CC=CC=C9)C%10=CC=CC=C%10)=O,12.5,III,DME,COCCOC,18,40,27,S,99,99.5,99.5,199,-13.78210195,13.78210195
50,2kc,O=C1C(C(OCC=C)=O)(C2=C(OC)C=C(OC)C=C2OC)CCCO1,"2,4,6-(MeO)3C6H2",O,CH2CH2,CH2,Pd2(dba)3.CHCl3,5,"(R,R)-L3",O=C(C1=C(C=CC=C1)P(C2=CC=CC=C2)C3=CC=CC=C3)N[C@H]4[C@@H](C5C6=C(C=CC=C6)C4C7=C5C=CC=C7)NC(C8=C(C=CC=C8)P(C9=CC=CC=C9)C%10=CC=CC=C%10)=O,12.5,III,THF,C1CCCO1,18,40,11,S,98,99,99,99,-11.96424773,11.96424773
51,2be,O=C1C(C(OCC=C)=O)(C2=CC=C(OC)C=C2)C3=CC=CC=C3CO1,4-MeOC6H4,O,CH2,C6H4,Pd2(dba)3.CHCl3,5,"(R,R)-L3",O=C(C1=C(C=CC=C1)P(C2=CC=CC=C2)C3=CC=CC=C3)N[C@H]4[C@@H](C5C6=C(C=CC=C6)C4C7=C5C=CC=C7)NC(C8=C(C=CC=C8)P(C9=CC=CC=C9)C%10=CC=CC=C%10)=O,13,III,dioxane,C1COCCO1,10,25,90,S,67,83.5,83.5,5.060606061,-4.019612812,4.019612812
52,2he,O=C1C(C(OCC=C)=O)(C2=C(C)C=C(C)C=C2OC)C3=CC=CC=C3CO1,"2-MeO-4,6-MeC6H2",O,CH2,C6H4,Pd2(dba)3.CHCl3,5,"(R,R)-L3",O=C(C1=C(C=CC=C1)P(C2=CC=CC=C2)C3=CC=CC=C3)N[C@H]4[C@@H](C5C6=C(C=CC=C6)C4C7=C5C=CC=C7)NC(C8=C(C=CC=C8)P(C9=CC=CC=C9)C%10=CC=CC=C%10)=O,13,III,dioxane,C1COCCO1,10,25,89,S,64,82,82,4.555555556,-3.758977168,3.758977168
53,2ke,O=C1C(C(OCC=C)=O)(C2=C(OC)C=C(OC)C=C2OC)C3=CC=CC=C3CO1,"2,4,6-(MeO)3C6H2",O,CH2,C6H4,Pd2(dba)3.CHCl3,5,"(R,R)-L3",O=C(C1=C(C=CC=C1)P(C2=CC=CC=C2)C3=CC=CC=C3)N[C@H]4[C@@H](C5C6=C(C=CC=C6)C4C7=C5C=CC=C7)NC(C8=C(C=CC=C8)P(C9=CC=CC=C9)C%10=CC=CC=C%10)=O,13,III,dioxane,C1COCCO1,10,25,95,S,93,96.5,96.5,27.57142857,-8.222192162,8.222192162
54,2me,O=C1C(C(OCC=C)=O)(C2=C(OCC3=CC=CC=C3)C=CC4=C2C=CC=C4)C5=CC=CC=C5CO1,2-BnO-naphthyl,O,CH2,C6H4,Pd2(dba)3.CHCl3,5,"(R,R)-L3",O=C(C1=C(C=CC=C1)P(C2=CC=CC=C2)C3=CC=CC=C3)N[C@H]4[C@@H](C5C6=C(C=CC=C6)C4C7=C5C=CC=C7)NC(C8=C(C=CC=C8)P(C9=CC=CC=C9)C%10=CC=CC=C%10)=O,13,III,dioxane,C1COCCO1,10,25,93,S,93,96.5,96.5,27.57142857,-8.222192162,8.222192162
55,2bd,O=C1C(C(OCC=C)=O)(C2=CC=C(OC)C=C2)CC3=CC=CC=C3O1,4-MeOC6H4,O,C6H4,CH2,Pd2(dba)3.CHCl3,5,"(R,R)-L3",O=C(C1=C(C=CC=C1)P(C2=CC=CC=C2)C3=CC=CC=C3)N[C@H]4[C@@H](C5C6=C(C=CC=C6)C4C7=C5C=CC=C7)NC(C8=C(C=CC=C8)P(C9=CC=CC=C9)C%10=CC=CC=C%10)=O,13,III,dioxane,C1COCCO1,10,25,95,S,24,62,62,1.631578947,-1.213574471,1.213574471
56,2cd,O=C1C(C(OCC=C)=O)(C2=CC=C(C(F)(F)F)C=C2)CC3=CC=CC=C3O1,4-CF3C6H4,O,C6H4,CH2,Pd2(dba)3.CHCl3,5,"(R,R)-L3",O=C(C1=C(C=CC=C1)P(C2=CC=CC=C2)C3=CC=CC=C3)N[C@H]4[C@@H](C5C6=C(C=CC=C6)C4C7=C5C=CC=C7)NC(C8=C(C=CC=C8)P(C9=CC=CC=C9)C%10=CC=CC=C%10)=O,13,III,dioxane,C1COCCO1,10,25,93,S,25,62.5,62.5,1.666666667,-1.266320464,1.266320464
57,2ed,O=C1C(C(OCC=C)=O)(C2=CC(OCO3)=C3C=C2)CC4=CC=CC=C4O1,piperonyl,O,C6H4,CH2,Pd2(dba)3.CHCl3,5,"(R,R)-L3",O=C(C1=C(C=CC=C1)P(C2=CC=CC=C2)C3=CC=CC=C3)N[C@H]4[C@@H](C5C6=C(C=CC=C6)C4C7=C5C=CC=C7)NC(C8=C(C=CC=C8)P(C9=CC=CC=C9)C%10=CC=CC=C%10)=O,13,III,dioxane,C1COCCO1,10,25,85,S,19,59.5,59.5,1.469135802,-0.953595443,0.953595443
58,2fd,O=C1C(C(OCC=C)=O)(C2=C(OC)C=CC=C2OC)CC3=CC=CC=C3O1,"2,6-(MeO)2C6H3",O,C6H4,CH2,Pd2(dba)3.CHCl3,5,"(R,R)-L3",O=C(C1=C(C=CC=C1)P(C2=CC=CC=C2)C3=CC=CC=C3)N[C@H]4[C@@H](C5C6=C(C=CC=C6)C4C7=C5C=CC=C7)NC(C8=C(C=CC=C8)P(C9=CC=CC=C9)C%10=CC=CC=C%10)=O,13,III,dioxane,C1COCCO1,10,25,93,S,96,98,98,49,-9.647698662,9.647698662
59,2gd,O=C1C(C(OCC=C)=O)(C2=C(OC)C=C(OC)C=C2)CC3=CC=CC=C3O1,"2,4-(MeO)2C6H3",O,C6H4,CH2,Pd2(dba)3.CHCl3,5,"(R,R)-L3",O=C(C1=C(C=CC=C1)P(C2=CC=CC=C2)C3=CC=CC=C3)N[C@H]4[C@@H](C5C6=C(C=CC=C6)C4C7=C5C=CC=C7)NC(C8=C(C=CC=C8)P(C9=CC=CC=C9)C%10=CC=CC=C%10)=O,13,III,dioxane,C1COCCO1,10,25,90,S,91,95.5,95.5,21.22222222,-7.573368874,7.573368874
60,2hd,O=C1C(C(OCC=C)=O)(C2=C(OC)C=C(C)C=C2C)CC3=CC=CC=C3O1,"2-MeO-4,6-MeC6H2",O,C6H4,CH2,Pd2(dba)3.CHCl3,5,"(R,R)-L3",O=C(C1=C(C=CC=C1)P(C2=CC=CC=C2)C3=CC=CC=C3)N[C@H]4[C@@H](C5C6=C(C=CC=C6)C4C7=C5C=CC=C7)NC(C8=C(C=CC=C8)P(C9=CC=CC=C9)C%10=CC=CC=C%10)=O,13,III,dioxane,C1COCCO1,10,25,83,S,37,68.5,68.5,2.174603175,-1.925777005,1.925777005
61,2id,O=C1C(C(OCC=C)=O)(C2=C(OC)C(OC)=CC=C2OC)CC3=CC=CC=C3O1,"2,3,6-(MeO)3C6H2",O,C6H4,CH2,Pd2(dba)3.CHCl3,5,"(R,R)-L3",O=C(C1=C(C=CC=C1)P(C2=CC=CC=C2)C3=CC=CC=C3)N[C@H]4[C@@H](C5C6=C(C=CC=C6)C4C7=C5C=CC=C7)NC(C8=C(C=CC=C8)P(C9=CC=CC=C9)C%10=CC=CC=C%10)=O,13,III,dioxane,C1COCCO1,10,25,85,S,93,96.5,96.5,27.57142857,-8.222192162,8.222192162
62,2jd,O=C1C(C(OCC=C)=O)(C2=C(OC)C(OC)=C(OC)C=C2)CC3=CC=CC=C3O1,"2,3,4-(MeO)3C6H2",O,C6H4,CH2,Pd2(dba)3.CHCl3,5,"(R,R)-L3",O=C(C1=C(C=CC=C1)P(C2=CC=CC=C2)C3=CC=CC=C3)N[C@H]4[C@@H](C5C6=C(C=CC=C6)C4C7=C5C=CC=C7)NC(C8=C(C=CC=C8)P(C9=CC=CC=C9)C%10=CC=CC=C%10)=O,13,III,dioxane,C1COCCO1,10,25,82,S,76,88,88,7.333333333,-4.939170969,4.939170969
63,2kd,O=C1C(C(OCC=C)=O)(C2=C(OC)C=C(OC)C=C2OC)CC3=CC=CC=C3O1,"2,4,6-(MeO)3C6H2",O,C6H4,CH2,Pd2(dba)3.CHCl3,5,"(R,R)-L3",O=C(C1=C(C=CC=C1)P(C2=CC=CC=C2)C3=CC=CC=C3)N[C@H]4[C@@H](C5C6=C(C=CC=C6)C4C7=C5C=CC=C7)NC(C8=C(C=CC=C8)P(C9=CC=CC=C9)C%10=CC=CC=C%10)=O,13,III,dioxane,C1COCCO1,10,25,95,S,96,98,98,49,-9.647698662,9.647698662
64,2kd,O=C1C(C(OCC=C)=O)(C2=C(OC)C=C(OC)C=C2OC)CC3=CC=CC=C3O1,"2,4,6-(MeO)3C6H2",O,C6H4,CH2,Pd2(dba)3.CHCl3,2.5,"(R,R)-L1",O=C(N[C@H]1[C@@H](CCCC1)NC(C2=C(C=CC=C2)P(C3=CC=CC=C3)C4=CC=CC=C4)=O)C5=C(P(C6=CC=CC=C6)C7=CC=CC=C7)C=CC=C5,6.5,I,dioxane,C1COCCO1,24,25,60,R*,84,92,92,11.5,-6.054500573,6.054500573
65,2ld,O=C1C(C(OCC=C)=O)(C2=C(C=CC=C3)C3=CC=C2OC)CC4=CC=CC=C4O1,2-MeO-naphthyl,O,C6H4,CH2,Pd2(dba)3.CHCl3,5,"(R,R)-L3",O=C(C1=C(C=CC=C1)P(C2=CC=CC=C2)C3=CC=CC=C3)N[C@H]4[C@@H](C5C6=C(C=CC=C6)C4C7=C5C=CC=C7)NC(C8=C(C=CC=C8)P(C9=CC=CC=C9)C%10=CC=CC=C%10)=O,13,III,dioxane,C1COCCO1,10,25,91,S,70,85,85,5.666666667,-4.300020813,4.300020813
66,2md,O=C1C(C(OCC=C)=O)(C2=C(C=CC=C3)C3=CC=C2OCC4=CC=CC=C4)CC5=CC=CC=C5O1,2-BnO-naphthyl,O,C6H4,CH2,Pd2(dba)3.CHCl3,5,"(R,R)-L3",O=C(C1=C(C=CC=C1)P(C2=CC=CC=C2)C3=CC=CC=C3)N[C@H]4[C@@H](C5C6=C(C=CC=C6)C4C7=C5C=CC=C7)NC(C8=C(C=CC=C8)P(C9=CC=CC=C9)C%10=CC=CC=C%10)=O,13,III,dioxane,C1COCCO1,10,25,80,S,82,91,91,10.11111111,-5.735427358,5.735427358
67,2kd,O=C1C(C(OCC=C)=O)(C2=C(OC)C=C(OC)C=C2OC)CC3=CC=CC=C3O1,"2,4,6-(MeO)3C6H2",O,C6H4,CH2,Pd2(dba)3.CHCl3,2.5,"(R,R)-L3",O=C(C1=C(C=CC=C1)P(C2=CC=CC=C2)C3=CC=CC=C3)N[C@H]4[C@@H](C5C6=C(C=CC=C6)C4C7=C5C=CC=C7)NC(C8=C(C=CC=C8)P(C9=CC=CC=C9)C%10=CC=CC=C%10)=O,13,III,THF,C1CCCO1,24,25,61,S,94,97,97,32.33333333,-8.617138025,8.617138025
68,2kd,O=C1C(C(OCC=C)=O)(C2=C(OC)C=C(OC)C=C2OC)CC3=CC=CC=C3O1,"2,4,6-(MeO)3C6H2",O,C6H4,CH2,Pd2(dba)3.CHCl3,2.5,"(R,R)-L3",O=C(C1=C(C=CC=C1)P(C2=CC=CC=C2)C3=CC=CC=C3)N[C@H]4[C@@H](C5C6=C(C=CC=C6)C4C7=C5C=CC=C7)NC(C8=C(C=CC=C8)P(C9=CC=CC=C9)C%10=CC=CC=C%10)=O,13,III,MTBE,COC(C)(C)C,48,25,48,S,95,97.5,97.5,39,-9.081852728,9.081852728
69,2kd,O=C1C(C(OCC=C)=O)(C2=C(OC)C=C(OC)C=C2OC)CC3=CC=CC=C3O1,"2,4,6-(MeO)3C6H2",O,C6H4,CH2,Pd2(dba)3.CHCl3,2.5,"(R,R)-L3",O=C(C1=C(C=CC=C1)P(C2=CC=CC=C2)C3=CC=CC=C3)N[C@H]4[C@@H](C5C6=C(C=CC=C6)C4C7=C5C=CC=C7)NC(C8=C(C=CC=C8)P(C9=CC=CC=C9)C%10=CC=CC=C%10)=O,13,III,DCM,ClCCl,48,25,9,S,49,74.5,74.5,2.921568627,-2.657753029,2.657753029
70,2kd,O=C1C(C(OCC=C)=O)(C2=C(OC)C=C(OC)C=C2OC)CC3=CC=CC=C3O1,"2,4,6-(MeO)3C6H2",O,C6H4,CH2,Pd2(dba)3.CHCl3,2.5,"(R,R)-L3",O=C(C1=C(C=CC=C1)P(C2=CC=CC=C2)C3=CC=CC=C3)N[C@H]4[C@@H](C5C6=C(C=CC=C6)C4C7=C5C=CC=C7)NC(C8=C(C=CC=C8)P(C9=CC=CC=C9)C%10=CC=CC=C%10)=O,13,III,toluene,CC1=CC=CC=C1,48,25,8,S,91,95.5,95.5,21.22222222,-7.573368874,7.573368874
71,2af,O=C1N(C2=CC=CC=C2C1(C3=CC=CC=C3)C(OCC=C)=O)C,Ph,NMe,C3H2,C3H2,Pd2(dba)3.CHCl3,5,"(R,R)-L3",O=C(C1=C(C=CC=C1)P(C2=CC=CC=C2)C3=CC=CC=C3)N[C@H]4[C@@H](C5C6=C(C=CC=C6)C4C7=C5C=CC=C7)NC(C8=C(C=CC=C8)P(C9=CC=CC=C9)C%10=CC=CC=C%10)=O,12.5,III,toluene,CC1=CC=CC=C1,3,25,91,S,63,81.5,81.5,4.405405405,-3.675894051,3.675894051
72,2bf,O=C1N(C2=CC=CC=C2C1(C3=CC=C(OC)C=C3)C(OCC=C)=O)C,4-MeOC6H4,NMe,C3H2,C3H2,Pd2(dba)3.CHCl3,5,"(R,R)-L3",O=C(C1=C(C=CC=C1)P(C2=CC=CC=C2)C3=CC=CC=C3)N[C@H]4[C@@H](C5C6=C(C=CC=C6)C4C7=C5C=CC=C7)NC(C8=C(C=CC=C8)P(C9=CC=CC=C9)C%10=CC=CC=C%10)=O,12.5,III,toluene,CC1=CC=CC=C1,3,25,97,S,58,79,79,3.761904762,-3.284447937,3.284447937
73,2cf,O=C1N(C2=CC=CC=C2C1(C3=CC=C(C(F)(F)F)C=C3)C(OCC=C)=O)C,4-CF3C6H4,NMe,C3H2,C3H2,Pd2(dba)3.CHCl3,5,"(R,R)-L3",O=C(C1=C(C=CC=C1)P(C2=CC=CC=C2)C3=CC=CC=C3)N[C@H]4[C@@H](C5C6=C(C=CC=C6)C4C7=C5C=CC=C7)NC(C8=C(C=CC=C8)P(C9=CC=CC=C9)C%10=CC=CC=C%10)=O,12.5,III,toluene,CC1=CC=CC=C1,3,25,96,S,56,78,78,3.545454545,-3.13754666,3.13754666
74,2ef,O=C1N(C2=CC=CC=C2C1(C3=CC=C(OCO4)C4=C3)C(OCC=C)=O)C,piperonyl,NMe,C3H2,C3H2,Pd2(dba)3.CHCl3,5,"(R,R)-L3",O=C(C1=C(C=CC=C1)P(C2=CC=CC=C2)C3=CC=CC=C3)N[C@H]4[C@@H](C5C6=C(C=CC=C6)C4C7=C5C=CC=C7)NC(C8=C(C=CC=C8)P(C9=CC=CC=C9)C%10=CC=CC=C%10)=O,12.5,III,toluene,CC1=CC=CC=C1,3,25,96,S,62,81,81,4.263157895,-3.594529079,3.594529079
75,2ff,O=C1N(C2=CC=CC=C2C1(C3=C(OC)C=CC=C3OC)C(OCC=C)=O)C,"2,6-(MeO)2C6H3",NMe,C3H2,C3H2,Pd2(dba)3.CHCl3,5,"(R,R)-L3",O=C(C1=C(C=CC=C1)P(C2=CC=CC=C2)C3=CC=CC=C3)N[C@H]4[C@@H](C5C6=C(C=CC=C6)C4C7=C5C=CC=C7)NC(C8=C(C=CC=C8)P(C9=CC=CC=C9)C%10=CC=CC=C%10)=O,12.5,III,toluene,CC1=CC=CC=C1,3,25,98,R,96,98,98,49,-9.647698662,9.647698662
76,2gf,O=C1N(C2=CC=CC=C2C1(C3=CC=C(OC)C=C3OC)C(OCC=C)=O)C,"2,4-(MeO)2C6H3",NMe,C3H2,C3H2,Pd2(dba)3.CHCl3,5,"(R,R)-L3",O=C(C1=C(C=CC=C1)P(C2=CC=CC=C2)C3=CC=CC=C3)N[C@H]4[C@@H](C5C6=C(C=CC=C6)C4C7=C5C=CC=C7)NC(C8=C(C=CC=C8)P(C9=CC=CC=C9)C%10=CC=CC=C%10)=O,12.5,III,toluene,CC1=CC=CC=C1,3,25,93,R,98,99,99,99,-11.39115587,11.39115587
77,2hf,O=C1N(C2=CC=CC=C2C1(C3=C(C)C=C(C)C=C3OC)C(OCC=C)=O)C,"2-MeO-4,6-MeC6H2",NMe,C3H2,C3H2,Pd2(dba)3.CHCl3,5,"(R,R)-L3",O=C(C1=C(C=CC=C1)P(C2=CC=CC=C2)C3=CC=CC=C3)N[C@H]4[C@@H](C5C6=C(C=CC=C6)C4C7=C5C=CC=C7)NC(C8=C(C=CC=C8)P(C9=CC=CC=C9)C%10=CC=CC=C%10)=O,12.5,III,toluene,CC1=CC=CC=C1,3,25,98,R,56,78,78,3.545454545,-3.13754666,3.13754666
78,2if,O=C1N(C2=CC=CC=C2C1(C3=C(OC)C=CC(OC)=C3OC)C(OCC=C)=O)C,"2,3,6-(MeO)3C6H2",NMe,C3H2,C3H2,Pd2(dba)3.CHCl3,5,"(R,R)-L3",O=C(C1=C(C=CC=C1)P(C2=CC=CC=C2)C3=CC=CC=C3)N[C@H]4[C@@H](C5C6=C(C=CC=C6)C4C7=C5C=CC=C7)NC(C8=C(C=CC=C8)P(C9=CC=CC=C9)C%10=CC=CC=C%10)=O,12.5,III,toluene,CC1=CC=CC=C1,3,25,97,R,94,97,97,32.33333333,-8.617138025,8.617138025
79,2jf,O=C1N(C2=CC=CC=C2C1(C3=CC=C(OC)C(OC)=C3OC)C(OCC=C)=O)C,"2,3,4-(MeO)3C6H2",NMe,C3H2,C3H2,Pd2(dba)3.CHCl3,5,"(R,R)-L3",O=C(C1=C(C=CC=C1)P(C2=CC=CC=C2)C3=CC=CC=C3)N[C@H]4[C@@H](C5C6=C(C=CC=C6)C4C7=C5C=CC=C7)NC(C8=C(C=CC=C8)P(C9=CC=CC=C9)C%10=CC=CC=C%10)=O,12.5,III,toluene,CC1=CC=CC=C1,3,25,98,R,92,96,96,24,-7.878294304,7.878294304
80,2kf,O=C1N(C2=CC=CC=C2C1(C3=C(OC)C=C(OC)C=C3OC)C(OCC=C)=O)C,"2,4,6-(MeO)3C6H2",NMe,C3H2,C3H2,Pd2(dba)3.CHCl3,5,"(R,R)-L3",O=C(C1=C(C=CC=C1)P(C2=CC=CC=C2)C3=CC=CC=C3)N[C@H]4[C@@H](C5C6=C(C=CC=C6)C4C7=C5C=CC=C7)NC(C8=C(C=CC=C8)P(C9=CC=CC=C9)C%10=CC=CC=C%10)=O,12.5,III,toluene,CC1=CC=CC=C1,3,25,96,R,99,99.5,99.5,199,-13.1219342,13.1219342
81,2kf,O=C1N(C2=CC=CC=C2C1(C3=C(OC)C=C(OC)C=C3OC)C(OCC=C)=O)C,"2,4,6-(MeO)3C6H2",NMe,C3H2,C3H2,Pd2(dba)3.CHCl3,5,"(R,R)-L1",O=C(N[C@H]1[C@@H](CCCC1)NC(C2=C(C=CC=C2)P(C3=CC=CC=C3)C4=CC=CC=C4)=O)C5=C(P(C6=CC=CC=C6)C7=CC=CC=C7)C=CC=C5,12.5,I,toluene,CC1=CC=CC=C1,3,25,100,S*,58,79,79,3.761904762,-3.284447937,3.284447937
82,2lf,O=C1N(C2=CC=CC=C2C1(C3=C(OC)C=CC4=C3C=CC=C4)C(OCC=C)=O)C,2-MeO-naphthyl,NMe,C3H2,C3H2,Pd2(dba)3.CHCl3,5,"(R,R)-L3",O=C(C1=C(C=CC=C1)P(C2=CC=CC=C2)C3=CC=CC=C3)N[C@H]4[C@@H](C5C6=C(C=CC=C6)C4C7=C5C=CC=C7)NC(C8=C(C=CC=C8)P(C9=CC=CC=C9)C%10=CC=CC=C%10)=O,12.5,III,toluene,CC1=CC=CC=C1,3,25,98,R,98,99,99,99,-11.39115587,11.39115587
83,2mf,O=C1N(C2=CC=CC=C2C1(C3=C(OCC4=CC=CC=C4)C=CC5=C3C=CC=C5)C(OCC=C)=O)C,2-BnO-naphthyl,NMe,C3H2,C3H2,Pd2(dba)3.CHCl3,5,"(R,R)-L3",O=C(C1=C(C=CC=C1)P(C2=CC=CC=C2)C3=CC=CC=C3)N[C@H]4[C@@H](C5C6=C(C=CC=C6)C4C7=C5C=CC=C7)NC(C8=C(C=CC=C8)P(C9=CC=CC=C9)C%10=CC=CC=C%10)=O,12.5,III,toluene,CC1=CC=CC=C1,3,25,97,R,97,98.5,98.5,65.66666667,-10.37346901,10.37346901
84,2kf,O=C1N(C2=CC=CC=C2C1(C3=C(OC)C=C(OC)C=C3OC)C(OCC=C)=O)C,"2,4,6-(MeO)3C6H2",NMe,C3H2,C3H2,Pd2(dba)3.CHCl3,5,"(R,R)-L3",O=C(C1=C(C=CC=C1)P(C2=CC=CC=C2)C3=CC=CC=C3)N[C@H]4[C@@H](C5C6=C(C=CC=C6)C4C7=C5C=CC=C7)NC(C8=C(C=CC=C8)P(C9=CC=CC=C9)C%10=CC=CC=C%10)=O,12.5,III,THF,C1CCCO1,3,25,100,R,97,98.5,98.5,65.66666667,-10.37346901,10.37346901
85,2kf,O=C1N(C2=CC=CC=C2C1(C3=C(OC)C=C(OC)C=C3OC)C(OCC=C)=O)C,"2,4,6-(MeO)3C6H2",NMe,C3H2,C3H2,Pd2(dba)3.CHCl3,5,"(R,R)-L3",O=C(C1=C(C=CC=C1)P(C2=CC=CC=C2)C3=CC=CC=C3)N[C@H]4[C@@H](C5C6=C(C=CC=C6)C4C7=C5C=CC=C7)NC(C8=C(C=CC=C8)P(C9=CC=CC=C9)C%10=CC=CC=C%10)=O,12.5,III,2-Me-THF,CC1CCCO1,3,25,100,R,97,98.5,98.5,65.66666667,-10.37346901,10.37346901
86,2kf,O=C1N(C2=CC=CC=C2C1(C3=C(OC)C=C(OC)C=C3OC)C(OCC=C)=O)C,"2,4,6-(MeO)3C6H2",NMe,C3H2,C3H2,Pd2(dba)3.CHCl3,5,"(R,R)-L3",O=C(C1=C(C=CC=C1)P(C2=CC=CC=C2)C3=CC=CC=C3)N[C@H]4[C@@H](C5C6=C(C=CC=C6)C4C7=C5C=CC=C7)NC(C8=C(C=CC=C8)P(C9=CC=CC=C9)C%10=CC=CC=C%10)=O,12.5,III,MTBE,COC(C)(C)C,3,25,100,R,91,95.5,95.5,21.22222222,-7.573368874,7.573368874
87,2kf,O=C1N(C2=CC=CC=C2C1(C3=C(OC)C=C(OC)C=C3OC)C(OCC=C)=O)C,"2,4,6-(MeO)3C6H2",NMe,C3H2,C3H2,Pd2(dba)3.CHCl3,5,"(R,R)-L3",O=C(C1=C(C=CC=C1)P(C2=CC=CC=C2)C3=CC=CC=C3)N[C@H]4[C@@H](C5C6=C(C=CC=C6)C4C7=C5C=CC=C7)NC(C8=C(C=CC=C8)P(C9=CC=CC=C9)C%10=CC=CC=C%10)=O,12.5,III,Et2O,CCOCC,3,25,100,R,96,98,98,49,-9.647698662,9.647698662
88,2nh,O=C1C(C(OCC=C)=O)(C(C2=CC=CC=C2)=C)CC3=CC=CC=C31,phenylvinyl,C3H2,C3H2,CH2,Pd2(dba)3.CHCl3,5,"(S,S)-L3",O=C(N[C@@H]1[C@@H](NC(C2=C(P(C3=CC=CC=C3)C4=CC=CC=C4)C=CC=C2)=O)C5C6=C(C1C7=C5C=CC=C7)C=CC=C6)C8=C(P(C9=CC=CC=C9)C%10=CC=CC=C%10)C=CC=C8,12.5,III,dioxane,C1COCCO1,18,40,100,S*,26,63,37,0.587301587,1.385725294,1.385725294
89,2nh,O=C1C(C(OCC=C)=O)(C(C2=CC=CC=C2)=C)CC3=CC=CC=C31,phenylvinyl,C3H2,C3H2,CH2,Pd2(dba)3.CHCl3,5,"(S,S)-L1",O=C(C1=C(C=CC=C1)P(C2=CC=CC=C2)C3=CC=CC=C3)N[C@@H]4[C@@H](NC(C5=C(P(C6=CC=CC=C6)C7=CC=CC=C7)C=CC=C5)=O)CCCC4,12.5,I,dioxane,C1COCCO1,18,40,100,R,9,54.5,45.5,0.834862385,0.469934998,0.469934998
90,2nh,O=C1C(C(OCC=C)=O)(C(C2=CC=CC=C2)=C)CC3=CC=CC=C31,phenylvinyl,C3H2,C3H2,CH2,Pd2(dba)3.CHCl3,5,"(S,S)-L2",O=C(N[C@@H]1[C@H](CCCC1)NC(C2=C([P](C3=CC=CC=C3)C4=CC=CC=C4)C=CC5=C2C=CC=C5)=O)C6=C([P](C7=CC=CC=C7)C8=CC=CC=C8)C=CC9=C6C=CC=C9,12.5,II,dioxane,C1COCCO1,18,40,100,R,20,60,40,0.666666667,1.055703694,1.055703694
91,2nh,O=C1C(C(OCC=C)=O)(C(C2=CC=CC=C2)=C)CC3=CC=CC=C31,phenylvinyl,C3H2,C3H2,CH2,Pd2(dba)3.CHCl3,5,"(S,S)-L3",O=C(N[C@@H]1[C@@H](NC(C2=C(P(C3=CC=CC=C3)C4=CC=CC=C4)C=CC=C2)=O)C5C6=C(C1C7=C5C=CC=C7)C=CC=C6)C8=C(P(C9=CC=CC=C9)C%10=CC=CC=C%10)C=CC=C8,12.5,III,toluene,CC1=CC=CC=C1,18,40,100,S*,11,55.5,44.5,0.801801802,0.575138105,0.575138105
92,2nh,O=C1C(C(OCC=C)=O)(C(C2=CC=CC=C2)=C)CC3=CC=CC=C31,phenylvinyl,C3H2,C3H2,CH2,Pd2(dba)3.CHCl3,5,"(S,S)-L3",O=C(N[C@@H]1[C@@H](NC(C2=C(P(C3=CC=CC=C3)C4=CC=CC=C4)C=CC=C2)=O)C5C6=C(C1C7=C5C=CC=C7)C=CC=C6)C8=C(P(C9=CC=CC=C9)C%10=CC=CC=C%10)C=CC=C8,12.5,III,MTBE,COC(C)(C)C,18,40,100,S*,10,55,45,0.818181818,0.522483415,0.522483415
93,2nh,O=C1C(C(OCC=C)=O)(C(C2=CC=CC=C2)=C)CC3=CC=CC=C31,phenylvinyl,C3H2,C3H2,CH2,Pd2(dba)3.CHCl3,5,"(S,S)-L3",O=C(N[C@@H]1[C@@H](NC(C2=C(P(C3=CC=CC=C3)C4=CC=CC=C4)C=CC=C2)=O)C5C6=C(C1C7=C5C=CC=C7)C=CC=C6)C8=C(P(C9=CC=CC=C9)C%10=CC=CC=C%10)C=CC=C8,12.5,III,THF,C1CCCO1,48,25,5,S*,21,60.5,39.5,0.652892562,1.056889968,1.056889968
94,2nh,O=C1C(C(OCC=C)=O)(C(C2=CC=CC=C2)=C)CC3=CC=CC=C31,phenylvinyl,C3H2,C3H2,CH2,Pd2(dba)3.CHCl3,5,"(S,S)-L3",O=C(N[C@@H]1[C@@H](NC(C2=C(P(C3=CC=CC=C3)C4=CC=CC=C4)C=CC=C2)=O)C5C6=C(C1C7=C5C=CC=C7)C=CC=C6)C8=C(P(C9=CC=CC=C9)C%10=CC=CC=C%10)C=CC=C8,12.5,III,2-Me-THF,CC1CCCO1,20,40,100,S*,3,51.5,48.5,0.941747573,0.156268032,0.156268032
95,2bg,O=C1C(C(OCC=C)=O)(C2=CC=C(OC)C=C2)CCCN1C(OC(C)(C)C)=O,4-MeOC6H4,NBoc,CH2CH2,CH2,Pd2(dba)3.CHCl3,7.5,"(S,S)-L1",O=C(C1=C(C=CC=C1)P(C2=CC=CC=C2)C3=CC=CC=C3)N[C@@H]4[C@@H](NC(C5=C(P(C6=CC=CC=C6)C7=CC=CC=C7)C=CC=C5)=O)CCCC4,18,I,dioxane,C1COCCO1,18,60,49,R,60,80,20,0.25,3.840001659,3.840001659
96,2cg,O=C1C(C(OCC=C)=O)(C2=CC=C(C(F)(F)F)C=C2)CCCN1C(OC(C)(C)C)=O,4-CF3C6H4,NBoc,CH2CH2,CH2,Pd2(dba)3.CHCl3,7.5,"(S,S)-L1",O=C(C1=C(C=CC=C1)P(C2=CC=CC=C2)C3=CC=CC=C3)N[C@@H]4[C@@H](NC(C5=C(P(C6=CC=CC=C6)C7=CC=CC=C7)C=CC=C5)=O)CCCC4,18,I,dioxane,C1COCCO1,18,60,55,R,57,78.5,21.5,0.27388535,3.587245058,3.587245058
97,2jg,O=C1C(C(OCC=C)=O)(C2=C(OC)C(OC)=C(OC)C=C2)CCCN1C(OC(C)(C)C)=O,"2,3,4-(MeO)3C6H2",NBoc,CH2CH2,CH2,Pd2(dba)3.CHCl3,7.5,"(S,S)-L1",O=C(C1=C(C=CC=C1)P(C2=CC=CC=C2)C3=CC=CC=C3)N[C@@H]4[C@@H](NC(C5=C(P(C6=CC=CC=C6)C7=CC=CC=C7)C=CC=C5)=O)CCCC4,18,I,dioxane,C1COCCO1,18,60,25,R,40,70,30,0.428571429,2.346994463,2.346994463
98,2kg,O=C1C(C(OCC=C)=O)(C2=C(OC)C=C(OC)C=C2OC)CCCN1C(OC(C)(C)C)=O,"2,4,6-(MeO)3C6H2",NBoc,CH2CH2,CH2,Pd2(dba)3.CHCl3,7.5,"(S,S)-L1",O=C(C1=C(C=CC=C1)P(C2=CC=CC=C2)C3=CC=CC=C3)N[C@@H]4[C@@H](NC(C5=C(P(C6=CC=CC=C6)C7=CC=CC=C7)C=CC=C5)=O)CCCC4,18,I,dioxane,C1COCCO1,18,60,82,R,82,91,9,0.098901099,6.408712475,6.408712475
99,2kg,O=C1C(C(OCC=C)=O)(C2=C(OC)C=C(OC)C=C2OC)CCCN1C(OC(C)(C)C)=O,"2,4,6-(MeO)3C6H2",NBoc,CH2CH2,CH2,Pd2(dba)3.CHCl3,5,"(R,R)-L3",O=C(C1=C(C=CC=C1)P(C2=CC=CC=C2)C3=CC=CC=C3)N[C@H]4[C@@H](C5C6=C(C=CC=C6)C4C7=C5C=CC=C7)NC(C8=C(C=CC=C8)P(C9=CC=CC=C9)C%10=CC=CC=C%10)=O,13,III,dioxane,C1COCCO1,18,40,12,S,33,66.5,66.5,1.985074627,-1.78523403,1.78523403
100,2lg,O=C1C(C(OCC=C)=O)(C2=C(C=CC=C3)C3=CC=C2OC)CCCN1C(OC(C)(C)C)=O,2-MeO-naphthyl,NBoc,CH2CH2,CH2,Pd2(dba)3.CHCl3,7.5,"(S,S)-L1",O=C(C1=C(C=CC=C1)P(C2=CC=CC=C2)C3=CC=CC=C3)N[C@@H]4[C@@H](NC(C5=C(P(C6=CC=CC=C6)C7=CC=CC=C7)C=CC=C5)=O)CCCC4,18,I,dioxane,C1COCCO1,18,60,66,R,56,78,22,0.282051282,3.505865067,3.505865067
101,2mg,O=C1C(C(OCC=C)=O)(C2=C(C=CC=C3)C3=CC=C2OCC4=CC=CC=C4)CCCN1C(OC(C)(C)C)=O,2-BnO-naphthyl,NBoc,CH2CH2,CH2,Pd2(dba)3.CHCl3,7.5,"(S,S)-L1",O=C(C1=C(C=CC=C1)P(C2=CC=CC=C2)C3=CC=CC=C3)N[C@@H]4[C@@H](NC(C5=C(P(C6=CC=CC=C6)C7=CC=CC=C7)C=CC=C5)=O)CCCC4,18,I,dioxane,C1COCCO1,18,60,56,R,78,89,11,0.123595506,5.791301981,5.791301981
102,2kg,O=C1C(C(OCC=C)=O)(C2=C(OC)C=C(OC)C=C2OC)CCCN1C(OC(C)(C)C)=O,"2,4,6-(MeO)3C6H2",NBoc,CH2CH2,CH2,Pd2(dba)3.CHCl3,5,"(S,S)-L1",O=C(C1=C(C=CC=C1)P(C2=CC=CC=C2)C3=CC=CC=C3)N[C@@H]4[C@@H](NC(C5=C(P(C6=CC=CC=C6)C7=CC=CC=C7)C=CC=C5)=O)CCCC4,18,I,toluene,CC1=CC=CC=C1,18,60,17,R,90,95,5,0.052631579,8.156024349,8.156024349
103,2kg,O=C1C(C(OCC=C)=O)(C2=C(OC)C=C(OC)C=C2OC)CCCN1C(OC(C)(C)C)=O,"2,4,6-(MeO)3C6H2",NBoc,CH2CH2,CH2,Pd2(dba)3.CHCl3,5,"(S,S)-L1",O=C(C1=C(C=CC=C1)P(C2=CC=CC=C2)C3=CC=CC=C3)N[C@@H]4[C@@H](NC(C5=C(P(C6=CC=CC=C6)C7=CC=CC=C7)C=CC=C5)=O)CCCC4,18,I,MTBE,COC(C)(C)C,18,60,13,R,87,93.5,6.5,0.069518717,7.385196294,7.385196294